pokemon_form_identifier,version_identifier,type,note,image_path,image_path_20,image_path_40,image_path_70,image_path_100
bulbasaur-default,lets-go-pikachu-lets-go-eevee,front-normal,,https://cdn.pokedb.org/6ddb350f1835a58835aa42c4d7a8146adad43f02bd959e61ec504d581ae27f0e,https://cdn.pokedb.org/6ddb350f1835a58835aa42c4d7a8146adad43f02bd959e61ec504d581ae27f0ew20h20,https://cdn.pokedb.org/6ddb350f1835a58835aa42c4d7a8146adad43f02bd959e61ec504d581ae27f0ew40h40,https://cdn.pokedb.org/6ddb350f1835a58835aa42c4d7a8146adad43f02bd959e61ec504d581ae27f0ew70h70,https://cdn.pokedb.org/6ddb350f1835a58835aa42c4d7a8146adad43f02bd959e61ec504d581ae27f0ew100h100
bulbasaur-default,sword-shield,front-shiny,,https://cdn.pokedb.org/6ba9e0183cec1fe0cc8cc6aba0c21634be073edd66244a0a3eb1cb921e1dd704,https://cdn.pokedb.org/6ba9e0183cec1fe0cc8cc6aba0c21634be073edd66244a0a3eb1cb921e1dd704w20h20,https://cdn.pokedb.org/6ba9e0183cec1fe0cc8cc6aba0c21634be073edd66244a0a3eb1cb921e1dd704w40h40,https://cdn.pokedb.org/6ba9e0183cec1fe0cc8cc6aba0c21634be073edd66244a0a3eb1cb921e1dd704w70h70,https://cdn.pokedb.org/6ba9e0183cec1fe0cc8cc6aba0c21634be073edd66244a0a3eb1cb921e1dd704w100h100
bulbasaur-default,battle-revolution,front-normal,,https://cdn.pokedb.org/12bfadbfd817dd101bcbb4de4fbafe9f650d46075a86879b31f71201ec740740,https://cdn.pokedb.org/12bfadbfd817dd101bcbb4de4fbafe9f650d46075a86879b31f71201ec740740w20h20,https://cdn.pokedb.org/12bfadbfd817dd101bcbb4de4fbafe9f650d46075a86879b31f71201ec740740w40h40,https://cdn.pokedb.org/12bfadbfd817dd101bcbb4de4fbafe9f650d46075a86879b31f71201ec740740w70h70,https://cdn.pokedb.org/12bfadbfd817dd101bcbb4de4fbafe9f650d46075a86879b31f71201ec740740w100h100
bulbasaur-default,black-white,front-normal,,https://cdn.pokedb.org/0ae7927dfcee9161729f03dc6dcba067e78ba81e7e3b35711fcdec4b601fc6de,https://cdn.pokedb.org/0ae7927dfcee9161729f03dc6dcba067e78ba81e7e3b35711fcdec4b601fc6dew20h20,https://cdn.pokedb.org/0ae7927dfcee9161729f03dc6dcba067e78ba81e7e3b35711fcdec4b601fc6dew40h40,https://cdn.pokedb.org/0ae7927dfcee9161729f03dc6dcba067e78ba81e7e3b35711fcdec4b601fc6dew70h70,https://cdn.pokedb.org/0ae7927dfcee9161729f03dc6dcba067e78ba81e7e3b35711fcdec4b601fc6dew100h100
bulbasaur-default,black-white,back-shiny,,https://cdn.pokedb.org/b947867040076d27a9b11989304ce0e4056c91d80107bbad185c816b11bef36c,https://cdn.pokedb.org/b947867040076d27a9b11989304ce0e4056c91d80107bbad185c816b11bef36cw20h20,https://cdn.pokedb.org/b947867040076d27a9b11989304ce0e4056c91d80107bbad185c816b11bef36cw40h40,https://cdn.pokedb.org/b947867040076d27a9b11989304ce0e4056c91d80107bbad185c816b11bef36cw70h70,https://cdn.pokedb.org/b947867040076d27a9b11989304ce0e4056c91d80107bbad185c816b11bef36cw100h100
bulbasaur-default,black-white,front-shiny,,https://cdn.pokedb.org/7dab0476726f1e6c2cd0fa4cc7c9adcab8dc8a80e4a3f3fd27124851c3fe461b,https://cdn.pokedb.org/7dab0476726f1e6c2cd0fa4cc7c9adcab8dc8a80e4a3f3fd27124851c3fe461bw20h20,https://cdn.pokedb.org/7dab0476726f1e6c2cd0fa4cc7c9adcab8dc8a80e4a3f3fd27124851c3fe461bw40h40,https://cdn.pokedb.org/7dab0476726f1e6c2cd0fa4cc7c9adcab8dc8a80e4a3f3fd27124851c3fe461bw70h70,https://cdn.pokedb.org/7dab0476726f1e6c2cd0fa4cc7c9adcab8dc8a80e4a3f3fd27124851c3fe461bw100h100
bulbasaur-default,colosseum,front-normal,,https://cdn.pokedb.org/614377a2fc3df608277cb6cff7986b656bda7db0681bbe469f3356a4a80f69f3,https://cdn.pokedb.org/614377a2fc3df608277cb6cff7986b656bda7db0681bbe469f3356a4a80f69f3w20h20,https://cdn.pokedb.org/614377a2fc3df608277cb6cff7986b656bda7db0681bbe469f3356a4a80f69f3w40h40,https://cdn.pokedb.org/614377a2fc3df608277cb6cff7986b656bda7db0681bbe469f3356a4a80f69f3w70h70,https://cdn.pokedb.org/614377a2fc3df608277cb6cff7986b656bda7db0681bbe469f3356a4a80f69f3w100h100
bulbasaur-default,crystal,front-normal,,https://cdn.pokedb.org/d1af042a4090b7ee6c099809343d3ea83bc48ee4eb4f4b4c0fbae9f4c08307d0,https://cdn.pokedb.org/d1af042a4090b7ee6c099809343d3ea83bc48ee4eb4f4b4c0fbae9f4c08307d0w20h20,https://cdn.pokedb.org/d1af042a4090b7ee6c099809343d3ea83bc48ee4eb4f4b4c0fbae9f4c08307d0w40h40,https://cdn.pokedb.org/d1af042a4090b7ee6c099809343d3ea83bc48ee4eb4f4b4c0fbae9f4c08307d0w70h70,https://cdn.pokedb.org/d1af042a4090b7ee6c099809343d3ea83bc48ee4eb4f4b4c0fbae9f4c08307d0w100h100
bulbasaur-default,crystal,front-shiny,,https://cdn.pokedb.org/bc1826700023430531ed8dc59d0b124f29f67bdff7a1074b61ffd9429087635e,https://cdn.pokedb.org/bc1826700023430531ed8dc59d0b124f29f67bdff7a1074b61ffd9429087635ew20h20,https://cdn.pokedb.org/bc1826700023430531ed8dc59d0b124f29f67bdff7a1074b61ffd9429087635ew40h40,https://cdn.pokedb.org/bc1826700023430531ed8dc59d0b124f29f67bdff7a1074b61ffd9429087635ew70h70,https://cdn.pokedb.org/bc1826700023430531ed8dc59d0b124f29f67bdff7a1074b61ffd9429087635ew100h100
bulbasaur-default,diamond-pearl,front-normal,,https://cdn.pokedb.org/8a1fe06eef9decd1d5d08540e36a40cf76c5fec961a027cd9cd1abde8c383e8c,https://cdn.pokedb.org/8a1fe06eef9decd1d5d08540e36a40cf76c5fec961a027cd9cd1abde8c383e8cw20h20,https://cdn.pokedb.org/8a1fe06eef9decd1d5d08540e36a40cf76c5fec961a027cd9cd1abde8c383e8cw40h40,https://cdn.pokedb.org/8a1fe06eef9decd1d5d08540e36a40cf76c5fec961a027cd9cd1abde8c383e8cw70h70,https://cdn.pokedb.org/8a1fe06eef9decd1d5d08540e36a40cf76c5fec961a027cd9cd1abde8c383e8cw100h100
bulbasaur-default,diamond-pearl,front-normal,,https://cdn.pokedb.org/e8e7d1a6e99bd829b2b65f3217036c62463d95084788b4f60e3724cd9bd591b6,https://cdn.pokedb.org/e8e7d1a6e99bd829b2b65f3217036c62463d95084788b4f60e3724cd9bd591b6w20h20,https://cdn.pokedb.org/e8e7d1a6e99bd829b2b65f3217036c62463d95084788b4f60e3724cd9bd591b6w40h40,https://cdn.pokedb.org/e8e7d1a6e99bd829b2b65f3217036c62463d95084788b4f60e3724cd9bd591b6w70h70,https://cdn.pokedb.org/e8e7d1a6e99bd829b2b65f3217036c62463d95084788b4f60e3724cd9bd591b6w100h100
bulbasaur-default,emerald,front-normal,,https://cdn.pokedb.org/591ea5582c5339fa10d9f4860a884d76a4fa6db400701615116313d3742dd602,https://cdn.pokedb.org/591ea5582c5339fa10d9f4860a884d76a4fa6db400701615116313d3742dd602w20h20,https://cdn.pokedb.org/591ea5582c5339fa10d9f4860a884d76a4fa6db400701615116313d3742dd602w40h40,https://cdn.pokedb.org/591ea5582c5339fa10d9f4860a884d76a4fa6db400701615116313d3742dd602w70h70,https://cdn.pokedb.org/591ea5582c5339fa10d9f4860a884d76a4fa6db400701615116313d3742dd602w100h100
bulbasaur-default,emerald,front-shiny,,https://cdn.pokedb.org/4d481654824a88f88b30370031627524fdd0918715baba8fbf129a8eef2813e7,https://cdn.pokedb.org/4d481654824a88f88b30370031627524fdd0918715baba8fbf129a8eef2813e7w20h20,https://cdn.pokedb.org/4d481654824a88f88b30370031627524fdd0918715baba8fbf129a8eef2813e7w40h40,https://cdn.pokedb.org/4d481654824a88f88b30370031627524fdd0918715baba8fbf129a8eef2813e7w70h70,https://cdn.pokedb.org/4d481654824a88f88b30370031627524fdd0918715baba8fbf129a8eef2813e7w100h100
bulbasaur-default,firered-leafgreen,back-normal,,https://cdn.pokedb.org/a95bd4885e0c2129a9405320cf049da5f9ec0c10c4845e9bf7c5d4dc959c66eb,https://cdn.pokedb.org/a95bd4885e0c2129a9405320cf049da5f9ec0c10c4845e9bf7c5d4dc959c66ebw20h20,https://cdn.pokedb.org/a95bd4885e0c2129a9405320cf049da5f9ec0c10c4845e9bf7c5d4dc959c66ebw40h40,https://cdn.pokedb.org/a95bd4885e0c2129a9405320cf049da5f9ec0c10c4845e9bf7c5d4dc959c66ebw70h70,https://cdn.pokedb.org/a95bd4885e0c2129a9405320cf049da5f9ec0c10c4845e9bf7c5d4dc959c66ebw100h100
bulbasaur-default,firered-leafgreen,front-normal,,https://cdn.pokedb.org/573ca1ada525a771d368ad29762e9266d6b28a8a56c8cfe31bc5900b68789607,https://cdn.pokedb.org/573ca1ada525a771d368ad29762e9266d6b28a8a56c8cfe31bc5900b68789607w20h20,https://cdn.pokedb.org/573ca1ada525a771d368ad29762e9266d6b28a8a56c8cfe31bc5900b68789607w40h40,https://cdn.pokedb.org/573ca1ada525a771d368ad29762e9266d6b28a8a56c8cfe31bc5900b68789607w70h70,https://cdn.pokedb.org/573ca1ada525a771d368ad29762e9266d6b28a8a56c8cfe31bc5900b68789607w100h100
bulbasaur-default,firered-leafgreen,front-shiny,,https://cdn.pokedb.org/606f3cf36b19aae2219d676f07608f3ded96b14aa7e167b2d3f533242a9980c2,https://cdn.pokedb.org/606f3cf36b19aae2219d676f07608f3ded96b14aa7e167b2d3f533242a9980c2w20h20,https://cdn.pokedb.org/606f3cf36b19aae2219d676f07608f3ded96b14aa7e167b2d3f533242a9980c2w40h40,https://cdn.pokedb.org/606f3cf36b19aae2219d676f07608f3ded96b14aa7e167b2d3f533242a9980c2w70h70,https://cdn.pokedb.org/606f3cf36b19aae2219d676f07608f3ded96b14aa7e167b2d3f533242a9980c2w100h100
bulbasaur-default,gold,front-normal,,https://cdn.pokedb.org/260e29d293ec2d4944b569a1f1500ca3dfd5353a4b230e08c4a3368eeb762ff1,https://cdn.pokedb.org/260e29d293ec2d4944b569a1f1500ca3dfd5353a4b230e08c4a3368eeb762ff1w20h20,https://cdn.pokedb.org/260e29d293ec2d4944b569a1f1500ca3dfd5353a4b230e08c4a3368eeb762ff1w40h40,https://cdn.pokedb.org/260e29d293ec2d4944b569a1f1500ca3dfd5353a4b230e08c4a3368eeb762ff1w70h70,https://cdn.pokedb.org/260e29d293ec2d4944b569a1f1500ca3dfd5353a4b230e08c4a3368eeb762ff1w100h100
bulbasaur-default,gold,front-shiny,,https://cdn.pokedb.org/8e8d7b113aba309e08ef67f77edc236ba42d7f2fc64579d77476d100414f9305,https://cdn.pokedb.org/8e8d7b113aba309e08ef67f77edc236ba42d7f2fc64579d77476d100414f9305w20h20,https://cdn.pokedb.org/8e8d7b113aba309e08ef67f77edc236ba42d7f2fc64579d77476d100414f9305w40h40,https://cdn.pokedb.org/8e8d7b113aba309e08ef67f77edc236ba42d7f2fc64579d77476d100414f9305w70h70,https://cdn.pokedb.org/8e8d7b113aba309e08ef67f77edc236ba42d7f2fc64579d77476d100414f9305w100h100
bulbasaur-default,gold-silver,back-normal,,https://cdn.pokedb.org/078d025cd8db5338a61fbafce4b79378990003338ddfe2b31b5ee0b4c9eb8c61,https://cdn.pokedb.org/078d025cd8db5338a61fbafce4b79378990003338ddfe2b31b5ee0b4c9eb8c61w20h20,https://cdn.pokedb.org/078d025cd8db5338a61fbafce4b79378990003338ddfe2b31b5ee0b4c9eb8c61w40h40,https://cdn.pokedb.org/078d025cd8db5338a61fbafce4b79378990003338ddfe2b31b5ee0b4c9eb8c61w70h70,https://cdn.pokedb.org/078d025cd8db5338a61fbafce4b79378990003338ddfe2b31b5ee0b4c9eb8c61w100h100
bulbasaur-default,gold-silver,back-shiny,,https://cdn.pokedb.org/f63bd42e050ef4966a959a045b0989fb9c6c35e6ab17f05bc1e8c00abfed84cc,https://cdn.pokedb.org/f63bd42e050ef4966a959a045b0989fb9c6c35e6ab17f05bc1e8c00abfed84ccw20h20,https://cdn.pokedb.org/f63bd42e050ef4966a959a045b0989fb9c6c35e6ab17f05bc1e8c00abfed84ccw40h40,https://cdn.pokedb.org/f63bd42e050ef4966a959a045b0989fb9c6c35e6ab17f05bc1e8c00abfed84ccw70h70,https://cdn.pokedb.org/f63bd42e050ef4966a959a045b0989fb9c6c35e6ab17f05bc1e8c00abfed84ccw100h100
bulbasaur-default,heartgold-soulsilver,back-normal,,https://cdn.pokedb.org/c68a498a53598f0dbfc44a55dfb5dbcf97b8f40880465f53a147614bea8feb67,https://cdn.pokedb.org/c68a498a53598f0dbfc44a55dfb5dbcf97b8f40880465f53a147614bea8feb67w20h20,https://cdn.pokedb.org/c68a498a53598f0dbfc44a55dfb5dbcf97b8f40880465f53a147614bea8feb67w40h40,https://cdn.pokedb.org/c68a498a53598f0dbfc44a55dfb5dbcf97b8f40880465f53a147614bea8feb67w70h70,https://cdn.pokedb.org/c68a498a53598f0dbfc44a55dfb5dbcf97b8f40880465f53a147614bea8feb67w100h100
bulbasaur-default,heartgold-soulsilver,front-normal,,https://cdn.pokedb.org/1c2feb700fb6805225f0379bfa6b0e9bcfeccc1365f51b282c568d781003fcac,https://cdn.pokedb.org/1c2feb700fb6805225f0379bfa6b0e9bcfeccc1365f51b282c568d781003fcacw20h20,https://cdn.pokedb.org/1c2feb700fb6805225f0379bfa6b0e9bcfeccc1365f51b282c568d781003fcacw40h40,https://cdn.pokedb.org/1c2feb700fb6805225f0379bfa6b0e9bcfeccc1365f51b282c568d781003fcacw70h70,https://cdn.pokedb.org/1c2feb700fb6805225f0379bfa6b0e9bcfeccc1365f51b282c568d781003fcacw100h100
bulbasaur-default,heartgold-soulsilver,back-shiny,,https://cdn.pokedb.org/ea619dbcd455dec19a46f469f62805b3607030ecbc4b35029cd27ce5516c5c5f,https://cdn.pokedb.org/ea619dbcd455dec19a46f469f62805b3607030ecbc4b35029cd27ce5516c5c5fw20h20,https://cdn.pokedb.org/ea619dbcd455dec19a46f469f62805b3607030ecbc4b35029cd27ce5516c5c5fw40h40,https://cdn.pokedb.org/ea619dbcd455dec19a46f469f62805b3607030ecbc4b35029cd27ce5516c5c5fw70h70,https://cdn.pokedb.org/ea619dbcd455dec19a46f469f62805b3607030ecbc4b35029cd27ce5516c5c5fw100h100
bulbasaur-default,heartgold-soulsilver,front-normal,,https://cdn.pokedb.org/841d3949a7f4d0eafa9cddf2c28f19acdfdfe10110758f878d4dd442df03e078,https://cdn.pokedb.org/841d3949a7f4d0eafa9cddf2c28f19acdfdfe10110758f878d4dd442df03e078w20h20,https://cdn.pokedb.org/841d3949a7f4d0eafa9cddf2c28f19acdfdfe10110758f878d4dd442df03e078w40h40,https://cdn.pokedb.org/841d3949a7f4d0eafa9cddf2c28f19acdfdfe10110758f878d4dd442df03e078w70h70,https://cdn.pokedb.org/841d3949a7f4d0eafa9cddf2c28f19acdfdfe10110758f878d4dd442df03e078w100h100
bulbasaur-default,heartgold-soulsilver,front-shiny,,https://cdn.pokedb.org/e69430e5fc6ae1f3d52f217930a51aa19589d1a8ba18228ae8230ba50ef9785f,https://cdn.pokedb.org/e69430e5fc6ae1f3d52f217930a51aa19589d1a8ba18228ae8230ba50ef9785fw20h20,https://cdn.pokedb.org/e69430e5fc6ae1f3d52f217930a51aa19589d1a8ba18228ae8230ba50ef9785fw40h40,https://cdn.pokedb.org/e69430e5fc6ae1f3d52f217930a51aa19589d1a8ba18228ae8230ba50ef9785fw70h70,https://cdn.pokedb.org/e69430e5fc6ae1f3d52f217930a51aa19589d1a8ba18228ae8230ba50ef9785fw100h100
bulbasaur-default,heartgold-soulsilver,front-shiny,,https://cdn.pokedb.org/4a3afbc68854fd5260a159eece5f2ac2c9b026affe3c45795c594198efb0c9aa,https://cdn.pokedb.org/4a3afbc68854fd5260a159eece5f2ac2c9b026affe3c45795c594198efb0c9aaw20h20,https://cdn.pokedb.org/4a3afbc68854fd5260a159eece5f2ac2c9b026affe3c45795c594198efb0c9aaw40h40,https://cdn.pokedb.org/4a3afbc68854fd5260a159eece5f2ac2c9b026affe3c45795c594198efb0c9aaw70h70,https://cdn.pokedb.org/4a3afbc68854fd5260a159eece5f2ac2c9b026affe3c45795c594198efb0c9aaw100h100
bulbasaur-default,home,front-normal,,https://cdn.pokedb.org/9730af4832be09a5169ea042f5c45ae1c245eb02d1113126f71e7561fcd9d875,https://cdn.pokedb.org/9730af4832be09a5169ea042f5c45ae1c245eb02d1113126f71e7561fcd9d875w20h20,https://cdn.pokedb.org/9730af4832be09a5169ea042f5c45ae1c245eb02d1113126f71e7561fcd9d875w40h40,https://cdn.pokedb.org/9730af4832be09a5169ea042f5c45ae1c245eb02d1113126f71e7561fcd9d875w70h70,https://cdn.pokedb.org/9730af4832be09a5169ea042f5c45ae1c245eb02d1113126f71e7561fcd9d875w100h100
bulbasaur-default,home,front-shiny,,https://cdn.pokedb.org/4c91d3157d99eb83bbd26ff578d2724e7111c75ebe3a26b93bb764b008f7de13,https://cdn.pokedb.org/4c91d3157d99eb83bbd26ff578d2724e7111c75ebe3a26b93bb764b008f7de13w20h20,https://cdn.pokedb.org/4c91d3157d99eb83bbd26ff578d2724e7111c75ebe3a26b93bb764b008f7de13w40h40,https://cdn.pokedb.org/4c91d3157d99eb83bbd26ff578d2724e7111c75ebe3a26b93bb764b008f7de13w70h70,https://cdn.pokedb.org/4c91d3157d99eb83bbd26ff578d2724e7111c75ebe3a26b93bb764b008f7de13w100h100
bulbasaur-default,platinum,front-normal,,https://cdn.pokedb.org/875640f2b0b2fdc76906810e30684c74c37492e71bea73c5ab857ac323467b54,https://cdn.pokedb.org/875640f2b0b2fdc76906810e30684c74c37492e71bea73c5ab857ac323467b54w20h20,https://cdn.pokedb.org/875640f2b0b2fdc76906810e30684c74c37492e71bea73c5ab857ac323467b54w40h40,https://cdn.pokedb.org/875640f2b0b2fdc76906810e30684c74c37492e71bea73c5ab857ac323467b54w70h70,https://cdn.pokedb.org/875640f2b0b2fdc76906810e30684c74c37492e71bea73c5ab857ac323467b54w100h100
bulbasaur-default,platinum,front-normal,,https://cdn.pokedb.org/890fbbf891d0366b76548c6ce5cdc6c7492879c10edabbdb87881587bc644638,https://cdn.pokedb.org/890fbbf891d0366b76548c6ce5cdc6c7492879c10edabbdb87881587bc644638w20h20,https://cdn.pokedb.org/890fbbf891d0366b76548c6ce5cdc6c7492879c10edabbdb87881587bc644638w40h40,https://cdn.pokedb.org/890fbbf891d0366b76548c6ce5cdc6c7492879c10edabbdb87881587bc644638w70h70,https://cdn.pokedb.org/890fbbf891d0366b76548c6ce5cdc6c7492879c10edabbdb87881587bc644638w100h100
bulbasaur-default,platinum,front-shiny,,https://cdn.pokedb.org/c1841f65ebeedcf3c531179fd6b9d3e2cb9f996e08f5196945aa34cb03cdb3cb,https://cdn.pokedb.org/c1841f65ebeedcf3c531179fd6b9d3e2cb9f996e08f5196945aa34cb03cdb3cbw20h20,https://cdn.pokedb.org/c1841f65ebeedcf3c531179fd6b9d3e2cb9f996e08f5196945aa34cb03cdb3cbw40h40,https://cdn.pokedb.org/c1841f65ebeedcf3c531179fd6b9d3e2cb9f996e08f5196945aa34cb03cdb3cbw70h70,https://cdn.pokedb.org/c1841f65ebeedcf3c531179fd6b9d3e2cb9f996e08f5196945aa34cb03cdb3cbw100h100
bulbasaur-default,platinum,front-shiny,,https://cdn.pokedb.org/2abb808dca1a4a29adf313084daf87aaecb4194ffb26efca304016baa29725ca,https://cdn.pokedb.org/2abb808dca1a4a29adf313084daf87aaecb4194ffb26efca304016baa29725caw20h20,https://cdn.pokedb.org/2abb808dca1a4a29adf313084daf87aaecb4194ffb26efca304016baa29725caw40h40,https://cdn.pokedb.org/2abb808dca1a4a29adf313084daf87aaecb4194ffb26efca304016baa29725caw70h70,https://cdn.pokedb.org/2abb808dca1a4a29adf313084daf87aaecb4194ffb26efca304016baa29725caw100h100
bulbasaur-default,red-blue,front-normal,,https://cdn.pokedb.org/b10edef224877eeb1dffeee5d066e15a372c7a45b06bf1d8b230ecc3e179cbcd,https://cdn.pokedb.org/b10edef224877eeb1dffeee5d066e15a372c7a45b06bf1d8b230ecc3e179cbcdw20h20,https://cdn.pokedb.org/b10edef224877eeb1dffeee5d066e15a372c7a45b06bf1d8b230ecc3e179cbcdw40h40,https://cdn.pokedb.org/b10edef224877eeb1dffeee5d066e15a372c7a45b06bf1d8b230ecc3e179cbcdw70h70,https://cdn.pokedb.org/b10edef224877eeb1dffeee5d066e15a372c7a45b06bf1d8b230ecc3e179cbcdw100h100
bulbasaur-default,red-green,back-normal,,https://cdn.pokedb.org/928a01e3cf1a61ae6417cec436207ee26b9b6d5ad28529ceadb819036d7533f4,https://cdn.pokedb.org/928a01e3cf1a61ae6417cec436207ee26b9b6d5ad28529ceadb819036d7533f4w20h20,https://cdn.pokedb.org/928a01e3cf1a61ae6417cec436207ee26b9b6d5ad28529ceadb819036d7533f4w40h40,https://cdn.pokedb.org/928a01e3cf1a61ae6417cec436207ee26b9b6d5ad28529ceadb819036d7533f4w70h70,https://cdn.pokedb.org/928a01e3cf1a61ae6417cec436207ee26b9b6d5ad28529ceadb819036d7533f4w100h100
bulbasaur-default,red-green,front-normal,,https://cdn.pokedb.org/e2be9337c13a96f4dba9724bdc9d9cca0b732aa2d8758b443aa93313deafb93b,https://cdn.pokedb.org/e2be9337c13a96f4dba9724bdc9d9cca0b732aa2d8758b443aa93313deafb93bw20h20,https://cdn.pokedb.org/e2be9337c13a96f4dba9724bdc9d9cca0b732aa2d8758b443aa93313deafb93bw40h40,https://cdn.pokedb.org/e2be9337c13a96f4dba9724bdc9d9cca0b732aa2d8758b443aa93313deafb93bw70h70,https://cdn.pokedb.org/e2be9337c13a96f4dba9724bdc9d9cca0b732aa2d8758b443aa93313deafb93bw100h100
bulbasaur-default,ruby-sapphire,front-normal,,https://cdn.pokedb.org/93b399b8f0effa9afadeb19eef3660254fc231d84a6f6a16248dddbca1e245b9,https://cdn.pokedb.org/93b399b8f0effa9afadeb19eef3660254fc231d84a6f6a16248dddbca1e245b9w20h20,https://cdn.pokedb.org/93b399b8f0effa9afadeb19eef3660254fc231d84a6f6a16248dddbca1e245b9w40h40,https://cdn.pokedb.org/93b399b8f0effa9afadeb19eef3660254fc231d84a6f6a16248dddbca1e245b9w70h70,https://cdn.pokedb.org/93b399b8f0effa9afadeb19eef3660254fc231d84a6f6a16248dddbca1e245b9w100h100
bulbasaur-default,ruby-sapphire,front-shiny,,https://cdn.pokedb.org/5b6a7b0eade37e3bdb6ccaab89fe97d852dc593bed683cbdd8454f50a5a2f705,https://cdn.pokedb.org/5b6a7b0eade37e3bdb6ccaab89fe97d852dc593bed683cbdd8454f50a5a2f705w20h20,https://cdn.pokedb.org/5b6a7b0eade37e3bdb6ccaab89fe97d852dc593bed683cbdd8454f50a5a2f705w40h40,https://cdn.pokedb.org/5b6a7b0eade37e3bdb6ccaab89fe97d852dc593bed683cbdd8454f50a5a2f705w70h70,https://cdn.pokedb.org/5b6a7b0eade37e3bdb6ccaab89fe97d852dc593bed683cbdd8454f50a5a2f705w100h100
bulbasaur-default,silver,front-normal,,https://cdn.pokedb.org/e080fd071810c18607938ff3bb7f114ea8c22bc9bb5af17e0088a560505c4c44,https://cdn.pokedb.org/e080fd071810c18607938ff3bb7f114ea8c22bc9bb5af17e0088a560505c4c44w20h20,https://cdn.pokedb.org/e080fd071810c18607938ff3bb7f114ea8c22bc9bb5af17e0088a560505c4c44w40h40,https://cdn.pokedb.org/e080fd071810c18607938ff3bb7f114ea8c22bc9bb5af17e0088a560505c4c44w70h70,https://cdn.pokedb.org/e080fd071810c18607938ff3bb7f114ea8c22bc9bb5af17e0088a560505c4c44w100h100
bulbasaur-default,silver,front-shiny,,https://cdn.pokedb.org/5c4e84c91f856ba54dcab210f2bcfb57f7874df287dcae404b59a6723d01c681,https://cdn.pokedb.org/5c4e84c91f856ba54dcab210f2bcfb57f7874df287dcae404b59a6723d01c681w20h20,https://cdn.pokedb.org/5c4e84c91f856ba54dcab210f2bcfb57f7874df287dcae404b59a6723d01c681w40h40,https://cdn.pokedb.org/5c4e84c91f856ba54dcab210f2bcfb57f7874df287dcae404b59a6723d01c681w70h70,https://cdn.pokedb.org/5c4e84c91f856ba54dcab210f2bcfb57f7874df287dcae404b59a6723d01c681w100h100
bulbasaur-default,stadium-2,front-normal,,https://cdn.pokedb.org/e3b6424c91aa03ebff09c9d8a525d177bf579f0eec3c5c2a6577f6346df9e514,https://cdn.pokedb.org/e3b6424c91aa03ebff09c9d8a525d177bf579f0eec3c5c2a6577f6346df9e514w20h20,https://cdn.pokedb.org/e3b6424c91aa03ebff09c9d8a525d177bf579f0eec3c5c2a6577f6346df9e514w40h40,https://cdn.pokedb.org/e3b6424c91aa03ebff09c9d8a525d177bf579f0eec3c5c2a6577f6346df9e514w70h70,https://cdn.pokedb.org/e3b6424c91aa03ebff09c9d8a525d177bf579f0eec3c5c2a6577f6346df9e514w100h100
bulbasaur-default,stadium-2,front-shiny,,https://cdn.pokedb.org/36e08d3a49dd3a94218c52eb9630f7f2348ae7578f9264cfc01a4746996ed374,https://cdn.pokedb.org/36e08d3a49dd3a94218c52eb9630f7f2348ae7578f9264cfc01a4746996ed374w20h20,https://cdn.pokedb.org/36e08d3a49dd3a94218c52eb9630f7f2348ae7578f9264cfc01a4746996ed374w40h40,https://cdn.pokedb.org/36e08d3a49dd3a94218c52eb9630f7f2348ae7578f9264cfc01a4746996ed374w70h70,https://cdn.pokedb.org/36e08d3a49dd3a94218c52eb9630f7f2348ae7578f9264cfc01a4746996ed374w100h100
bulbasaur-default,x-y,front-normal,,https://cdn.pokedb.org/829acf4d99a731750850c70f84401e3ec9e1ab577206260781dc764948416e79,https://cdn.pokedb.org/829acf4d99a731750850c70f84401e3ec9e1ab577206260781dc764948416e79w20h20,https://cdn.pokedb.org/829acf4d99a731750850c70f84401e3ec9e1ab577206260781dc764948416e79w40h40,https://cdn.pokedb.org/829acf4d99a731750850c70f84401e3ec9e1ab577206260781dc764948416e79w70h70,https://cdn.pokedb.org/829acf4d99a731750850c70f84401e3ec9e1ab577206260781dc764948416e79w100h100
bulbasaur-default,x-y,front-shiny,,https://cdn.pokedb.org/84f43810b4d47f8d8cf005f08fc14f73e2b1df88fef8043a3b3dd3c20fbd764b,https://cdn.pokedb.org/84f43810b4d47f8d8cf005f08fc14f73e2b1df88fef8043a3b3dd3c20fbd764bw20h20,https://cdn.pokedb.org/84f43810b4d47f8d8cf005f08fc14f73e2b1df88fef8043a3b3dd3c20fbd764bw40h40,https://cdn.pokedb.org/84f43810b4d47f8d8cf005f08fc14f73e2b1df88fef8043a3b3dd3c20fbd764bw70h70,https://cdn.pokedb.org/84f43810b4d47f8d8cf005f08fc14f73e2b1df88fef8043a3b3dd3c20fbd764bw100h100
bulbasaur-default,yellow,front-normal,,https://cdn.pokedb.org/b627fa01c55883dccb677e0e84de691986f57f261945e0245109985069aa3d79,https://cdn.pokedb.org/b627fa01c55883dccb677e0e84de691986f57f261945e0245109985069aa3d79w20h20,https://cdn.pokedb.org/b627fa01c55883dccb677e0e84de691986f57f261945e0245109985069aa3d79w40h40,https://cdn.pokedb.org/b627fa01c55883dccb677e0e84de691986f57f261945e0245109985069aa3d79w70h70,https://cdn.pokedb.org/b627fa01c55883dccb677e0e84de691986f57f261945e0245109985069aa3d79w100h100
bulbasaur-default,sword-shield,front-normal,,https://cdn.pokedb.org/fc85a35eeeb1b28074388fc48339aa038b67a1beb21e4dfd0ee4e7b7d4913892,https://cdn.pokedb.org/fc85a35eeeb1b28074388fc48339aa038b67a1beb21e4dfd0ee4e7b7d4913892w20h20,https://cdn.pokedb.org/fc85a35eeeb1b28074388fc48339aa038b67a1beb21e4dfd0ee4e7b7d4913892w40h40,https://cdn.pokedb.org/fc85a35eeeb1b28074388fc48339aa038b67a1beb21e4dfd0ee4e7b7d4913892w70h70,https://cdn.pokedb.org/fc85a35eeeb1b28074388fc48339aa038b67a1beb21e4dfd0ee4e7b7d4913892w100h100
bulbasaur-default,x-y,back-normal,,https://cdn.pokedb.org/ae3b9890f8fa0d09035240ca8f6fd981db4c4156d1bb40ca5ea475a4fa59874c,https://cdn.pokedb.org/ae3b9890f8fa0d09035240ca8f6fd981db4c4156d1bb40ca5ea475a4fa59874cw20h20,https://cdn.pokedb.org/ae3b9890f8fa0d09035240ca8f6fd981db4c4156d1bb40ca5ea475a4fa59874cw40h40,https://cdn.pokedb.org/ae3b9890f8fa0d09035240ca8f6fd981db4c4156d1bb40ca5ea475a4fa59874cw70h70,https://cdn.pokedb.org/ae3b9890f8fa0d09035240ca8f6fd981db4c4156d1bb40ca5ea475a4fa59874cw100h100
bulbasaur-default,x-y,back-shiny,,https://cdn.pokedb.org/f1704f651d494ed908871e2622feb84ad631020affc8a9eb68f04c12ece038aa,https://cdn.pokedb.org/f1704f651d494ed908871e2622feb84ad631020affc8a9eb68f04c12ece038aaw20h20,https://cdn.pokedb.org/f1704f651d494ed908871e2622feb84ad631020affc8a9eb68f04c12ece038aaw40h40,https://cdn.pokedb.org/f1704f651d494ed908871e2622feb84ad631020affc8a9eb68f04c12ece038aaw70h70,https://cdn.pokedb.org/f1704f651d494ed908871e2622feb84ad631020affc8a9eb68f04c12ece038aaw100h100
ivysaur-default,lets-go-pikachu-lets-go-eevee,front-normal,,https://cdn.pokedb.org/4f7609e0aa61d46cf57d61c2859c494095dd215f73cda68009f7ab20dc3791d5,https://cdn.pokedb.org/4f7609e0aa61d46cf57d61c2859c494095dd215f73cda68009f7ab20dc3791d5w20h20,https://cdn.pokedb.org/4f7609e0aa61d46cf57d61c2859c494095dd215f73cda68009f7ab20dc3791d5w40h40,https://cdn.pokedb.org/4f7609e0aa61d46cf57d61c2859c494095dd215f73cda68009f7ab20dc3791d5w70h70,https://cdn.pokedb.org/4f7609e0aa61d46cf57d61c2859c494095dd215f73cda68009f7ab20dc3791d5w100h100
ivysaur-default,sword-shield,front-shiny,,https://cdn.pokedb.org/c45c32399bbadc106cd45403551c51eaba0d3bde23cbcef8f6c4b88758bc8602,https://cdn.pokedb.org/c45c32399bbadc106cd45403551c51eaba0d3bde23cbcef8f6c4b88758bc8602w20h20,https://cdn.pokedb.org/c45c32399bbadc106cd45403551c51eaba0d3bde23cbcef8f6c4b88758bc8602w40h40,https://cdn.pokedb.org/c45c32399bbadc106cd45403551c51eaba0d3bde23cbcef8f6c4b88758bc8602w70h70,https://cdn.pokedb.org/c45c32399bbadc106cd45403551c51eaba0d3bde23cbcef8f6c4b88758bc8602w100h100
ivysaur-default,battle-revolution,front-shiny,,https://cdn.pokedb.org/9f4092e413b9ae42d1799b8225afe71d71d4c1f1a5c7384b694c5500674a0087,https://cdn.pokedb.org/9f4092e413b9ae42d1799b8225afe71d71d4c1f1a5c7384b694c5500674a0087w20h20,https://cdn.pokedb.org/9f4092e413b9ae42d1799b8225afe71d71d4c1f1a5c7384b694c5500674a0087w40h40,https://cdn.pokedb.org/9f4092e413b9ae42d1799b8225afe71d71d4c1f1a5c7384b694c5500674a0087w70h70,https://cdn.pokedb.org/9f4092e413b9ae42d1799b8225afe71d71d4c1f1a5c7384b694c5500674a0087w100h100
ivysaur-default,black-white,front-normal,,https://cdn.pokedb.org/beeb03e8dc8c595f9af181e0312beff812d1c75764cfbcb5932a8d4482318d9d,https://cdn.pokedb.org/beeb03e8dc8c595f9af181e0312beff812d1c75764cfbcb5932a8d4482318d9dw20h20,https://cdn.pokedb.org/beeb03e8dc8c595f9af181e0312beff812d1c75764cfbcb5932a8d4482318d9dw40h40,https://cdn.pokedb.org/beeb03e8dc8c595f9af181e0312beff812d1c75764cfbcb5932a8d4482318d9dw70h70,https://cdn.pokedb.org/beeb03e8dc8c595f9af181e0312beff812d1c75764cfbcb5932a8d4482318d9dw100h100
ivysaur-default,black-white,back-shiny,,https://cdn.pokedb.org/dbb157d41c47c1f4a932c613d81e9553f65c1569059d9e9121ce907681bcc6b3,https://cdn.pokedb.org/dbb157d41c47c1f4a932c613d81e9553f65c1569059d9e9121ce907681bcc6b3w20h20,https://cdn.pokedb.org/dbb157d41c47c1f4a932c613d81e9553f65c1569059d9e9121ce907681bcc6b3w40h40,https://cdn.pokedb.org/dbb157d41c47c1f4a932c613d81e9553f65c1569059d9e9121ce907681bcc6b3w70h70,https://cdn.pokedb.org/dbb157d41c47c1f4a932c613d81e9553f65c1569059d9e9121ce907681bcc6b3w100h100
ivysaur-default,black-white,front-shiny,,https://cdn.pokedb.org/07fdf63a1f978bfb9da8fd8b396b04ed41767cc140ce320b02d951351acbd2fa,https://cdn.pokedb.org/07fdf63a1f978bfb9da8fd8b396b04ed41767cc140ce320b02d951351acbd2faw20h20,https://cdn.pokedb.org/07fdf63a1f978bfb9da8fd8b396b04ed41767cc140ce320b02d951351acbd2faw40h40,https://cdn.pokedb.org/07fdf63a1f978bfb9da8fd8b396b04ed41767cc140ce320b02d951351acbd2faw70h70,https://cdn.pokedb.org/07fdf63a1f978bfb9da8fd8b396b04ed41767cc140ce320b02d951351acbd2faw100h100
ivysaur-default,crystal,front-normal,,https://cdn.pokedb.org/918e455dd9c87a674abf8c97f6d5b915bbdb25f40797b2ef937ff7ab236ffca9,https://cdn.pokedb.org/918e455dd9c87a674abf8c97f6d5b915bbdb25f40797b2ef937ff7ab236ffca9w20h20,https://cdn.pokedb.org/918e455dd9c87a674abf8c97f6d5b915bbdb25f40797b2ef937ff7ab236ffca9w40h40,https://cdn.pokedb.org/918e455dd9c87a674abf8c97f6d5b915bbdb25f40797b2ef937ff7ab236ffca9w70h70,https://cdn.pokedb.org/918e455dd9c87a674abf8c97f6d5b915bbdb25f40797b2ef937ff7ab236ffca9w100h100
ivysaur-default,crystal,front-shiny,,https://cdn.pokedb.org/a959712906a6b17491bfae87010a6c697594f32e343ed5b5301ee16812b2618e,https://cdn.pokedb.org/a959712906a6b17491bfae87010a6c697594f32e343ed5b5301ee16812b2618ew20h20,https://cdn.pokedb.org/a959712906a6b17491bfae87010a6c697594f32e343ed5b5301ee16812b2618ew40h40,https://cdn.pokedb.org/a959712906a6b17491bfae87010a6c697594f32e343ed5b5301ee16812b2618ew70h70,https://cdn.pokedb.org/a959712906a6b17491bfae87010a6c697594f32e343ed5b5301ee16812b2618ew100h100
ivysaur-default,diamond-pearl,front-normal,,https://cdn.pokedb.org/0eb57f9f7b21ca3a77facaf39e1f1f02cd7f252728a13b04142bb51877975b2f,https://cdn.pokedb.org/0eb57f9f7b21ca3a77facaf39e1f1f02cd7f252728a13b04142bb51877975b2fw20h20,https://cdn.pokedb.org/0eb57f9f7b21ca3a77facaf39e1f1f02cd7f252728a13b04142bb51877975b2fw40h40,https://cdn.pokedb.org/0eb57f9f7b21ca3a77facaf39e1f1f02cd7f252728a13b04142bb51877975b2fw70h70,https://cdn.pokedb.org/0eb57f9f7b21ca3a77facaf39e1f1f02cd7f252728a13b04142bb51877975b2fw100h100
ivysaur-default,diamond-pearl,front-normal,,https://cdn.pokedb.org/ba8170ae4e0086905af9dd857307b71c1ae8e08d3503095c0b63ef18d641efd1,https://cdn.pokedb.org/ba8170ae4e0086905af9dd857307b71c1ae8e08d3503095c0b63ef18d641efd1w20h20,https://cdn.pokedb.org/ba8170ae4e0086905af9dd857307b71c1ae8e08d3503095c0b63ef18d641efd1w40h40,https://cdn.pokedb.org/ba8170ae4e0086905af9dd857307b71c1ae8e08d3503095c0b63ef18d641efd1w70h70,https://cdn.pokedb.org/ba8170ae4e0086905af9dd857307b71c1ae8e08d3503095c0b63ef18d641efd1w100h100
ivysaur-default,emerald,front-normal,,https://cdn.pokedb.org/1a8bdb4400405aba1837bed1ad974524ff43e5053dffe2f9d18d135e44638d74,https://cdn.pokedb.org/1a8bdb4400405aba1837bed1ad974524ff43e5053dffe2f9d18d135e44638d74w20h20,https://cdn.pokedb.org/1a8bdb4400405aba1837bed1ad974524ff43e5053dffe2f9d18d135e44638d74w40h40,https://cdn.pokedb.org/1a8bdb4400405aba1837bed1ad974524ff43e5053dffe2f9d18d135e44638d74w70h70,https://cdn.pokedb.org/1a8bdb4400405aba1837bed1ad974524ff43e5053dffe2f9d18d135e44638d74w100h100
ivysaur-default,emerald,front-shiny,,https://cdn.pokedb.org/c529b901a57101e3e6c2db0268023c4fcf4b426c784c456c083a5d587bb6024a,https://cdn.pokedb.org/c529b901a57101e3e6c2db0268023c4fcf4b426c784c456c083a5d587bb6024aw20h20,https://cdn.pokedb.org/c529b901a57101e3e6c2db0268023c4fcf4b426c784c456c083a5d587bb6024aw40h40,https://cdn.pokedb.org/c529b901a57101e3e6c2db0268023c4fcf4b426c784c456c083a5d587bb6024aw70h70,https://cdn.pokedb.org/c529b901a57101e3e6c2db0268023c4fcf4b426c784c456c083a5d587bb6024aw100h100
ivysaur-default,firered-leafgreen,back-normal,,https://cdn.pokedb.org/72729e3509838ea7915c37f89de4c4d021fd864bfc4894f7d11f2c7fb6067bc1,https://cdn.pokedb.org/72729e3509838ea7915c37f89de4c4d021fd864bfc4894f7d11f2c7fb6067bc1w20h20,https://cdn.pokedb.org/72729e3509838ea7915c37f89de4c4d021fd864bfc4894f7d11f2c7fb6067bc1w40h40,https://cdn.pokedb.org/72729e3509838ea7915c37f89de4c4d021fd864bfc4894f7d11f2c7fb6067bc1w70h70,https://cdn.pokedb.org/72729e3509838ea7915c37f89de4c4d021fd864bfc4894f7d11f2c7fb6067bc1w100h100
ivysaur-default,firered-leafgreen,front-normal,,https://cdn.pokedb.org/b412cd317efaf9586e1006b31278ab8db204a0d6136554834d44f53b001431bc,https://cdn.pokedb.org/b412cd317efaf9586e1006b31278ab8db204a0d6136554834d44f53b001431bcw20h20,https://cdn.pokedb.org/b412cd317efaf9586e1006b31278ab8db204a0d6136554834d44f53b001431bcw40h40,https://cdn.pokedb.org/b412cd317efaf9586e1006b31278ab8db204a0d6136554834d44f53b001431bcw70h70,https://cdn.pokedb.org/b412cd317efaf9586e1006b31278ab8db204a0d6136554834d44f53b001431bcw100h100
ivysaur-default,firered-leafgreen,front-shiny,,https://cdn.pokedb.org/9439a91611457eb103b09403847f17a6b17f44c18b8d615d23a75351c9a2e898,https://cdn.pokedb.org/9439a91611457eb103b09403847f17a6b17f44c18b8d615d23a75351c9a2e898w20h20,https://cdn.pokedb.org/9439a91611457eb103b09403847f17a6b17f44c18b8d615d23a75351c9a2e898w40h40,https://cdn.pokedb.org/9439a91611457eb103b09403847f17a6b17f44c18b8d615d23a75351c9a2e898w70h70,https://cdn.pokedb.org/9439a91611457eb103b09403847f17a6b17f44c18b8d615d23a75351c9a2e898w100h100
ivysaur-default,gold,front-normal,,https://cdn.pokedb.org/7a9d59bd1ae1b99840ccf8c1588344a349ff8866cfc5d0245f7b99cd653c9e9b,https://cdn.pokedb.org/7a9d59bd1ae1b99840ccf8c1588344a349ff8866cfc5d0245f7b99cd653c9e9bw20h20,https://cdn.pokedb.org/7a9d59bd1ae1b99840ccf8c1588344a349ff8866cfc5d0245f7b99cd653c9e9bw40h40,https://cdn.pokedb.org/7a9d59bd1ae1b99840ccf8c1588344a349ff8866cfc5d0245f7b99cd653c9e9bw70h70,https://cdn.pokedb.org/7a9d59bd1ae1b99840ccf8c1588344a349ff8866cfc5d0245f7b99cd653c9e9bw100h100
ivysaur-default,gold,front-shiny,,https://cdn.pokedb.org/b4506b3ad9d897fa23de1a02a1b080d785708a81c8ae664ec4ee5a852cfbafcd,https://cdn.pokedb.org/b4506b3ad9d897fa23de1a02a1b080d785708a81c8ae664ec4ee5a852cfbafcdw20h20,https://cdn.pokedb.org/b4506b3ad9d897fa23de1a02a1b080d785708a81c8ae664ec4ee5a852cfbafcdw40h40,https://cdn.pokedb.org/b4506b3ad9d897fa23de1a02a1b080d785708a81c8ae664ec4ee5a852cfbafcdw70h70,https://cdn.pokedb.org/b4506b3ad9d897fa23de1a02a1b080d785708a81c8ae664ec4ee5a852cfbafcdw100h100
ivysaur-default,gold-silver,back-normal,,https://cdn.pokedb.org/d1d34d7e1604e018fe469a80d0b121e1ccec78a7b36406f3a92bb59bff082602,https://cdn.pokedb.org/d1d34d7e1604e018fe469a80d0b121e1ccec78a7b36406f3a92bb59bff082602w20h20,https://cdn.pokedb.org/d1d34d7e1604e018fe469a80d0b121e1ccec78a7b36406f3a92bb59bff082602w40h40,https://cdn.pokedb.org/d1d34d7e1604e018fe469a80d0b121e1ccec78a7b36406f3a92bb59bff082602w70h70,https://cdn.pokedb.org/d1d34d7e1604e018fe469a80d0b121e1ccec78a7b36406f3a92bb59bff082602w100h100
ivysaur-default,gold-silver,back-shiny,,https://cdn.pokedb.org/7c0cae7668c4702d3e38d2cfbb5f25cbaed42653b55628ecbb1f11e2b220eb20,https://cdn.pokedb.org/7c0cae7668c4702d3e38d2cfbb5f25cbaed42653b55628ecbb1f11e2b220eb20w20h20,https://cdn.pokedb.org/7c0cae7668c4702d3e38d2cfbb5f25cbaed42653b55628ecbb1f11e2b220eb20w40h40,https://cdn.pokedb.org/7c0cae7668c4702d3e38d2cfbb5f25cbaed42653b55628ecbb1f11e2b220eb20w70h70,https://cdn.pokedb.org/7c0cae7668c4702d3e38d2cfbb5f25cbaed42653b55628ecbb1f11e2b220eb20w100h100
ivysaur-default,heartgold-soulsilver,back-normal,,https://cdn.pokedb.org/f003f09dbb8af5a53cff742bf550bfd303fbb2fc2674101703e2cc7f38e02c91,https://cdn.pokedb.org/f003f09dbb8af5a53cff742bf550bfd303fbb2fc2674101703e2cc7f38e02c91w20h20,https://cdn.pokedb.org/f003f09dbb8af5a53cff742bf550bfd303fbb2fc2674101703e2cc7f38e02c91w40h40,https://cdn.pokedb.org/f003f09dbb8af5a53cff742bf550bfd303fbb2fc2674101703e2cc7f38e02c91w70h70,https://cdn.pokedb.org/f003f09dbb8af5a53cff742bf550bfd303fbb2fc2674101703e2cc7f38e02c91w100h100
ivysaur-default,heartgold-soulsilver,front-normal,,https://cdn.pokedb.org/fdcc0d8b7258b3fbf126de4cc36e8ae7378be8d97caa18d3a1f447b4a12537fb,https://cdn.pokedb.org/fdcc0d8b7258b3fbf126de4cc36e8ae7378be8d97caa18d3a1f447b4a12537fbw20h20,https://cdn.pokedb.org/fdcc0d8b7258b3fbf126de4cc36e8ae7378be8d97caa18d3a1f447b4a12537fbw40h40,https://cdn.pokedb.org/fdcc0d8b7258b3fbf126de4cc36e8ae7378be8d97caa18d3a1f447b4a12537fbw70h70,https://cdn.pokedb.org/fdcc0d8b7258b3fbf126de4cc36e8ae7378be8d97caa18d3a1f447b4a12537fbw100h100
ivysaur-default,heartgold-soulsilver,back-shiny,,https://cdn.pokedb.org/4aa6e61f96dc1e1937dbd588e732f0d155d5709c66d79702f2fe17bd656dff5c,https://cdn.pokedb.org/4aa6e61f96dc1e1937dbd588e732f0d155d5709c66d79702f2fe17bd656dff5cw20h20,https://cdn.pokedb.org/4aa6e61f96dc1e1937dbd588e732f0d155d5709c66d79702f2fe17bd656dff5cw40h40,https://cdn.pokedb.org/4aa6e61f96dc1e1937dbd588e732f0d155d5709c66d79702f2fe17bd656dff5cw70h70,https://cdn.pokedb.org/4aa6e61f96dc1e1937dbd588e732f0d155d5709c66d79702f2fe17bd656dff5cw100h100
ivysaur-default,heartgold-soulsilver,front-normal,,https://cdn.pokedb.org/1035168e62beedb1ad89d823581c5bac55bea09e4fa578f7558bc4fcf9c40274,https://cdn.pokedb.org/1035168e62beedb1ad89d823581c5bac55bea09e4fa578f7558bc4fcf9c40274w20h20,https://cdn.pokedb.org/1035168e62beedb1ad89d823581c5bac55bea09e4fa578f7558bc4fcf9c40274w40h40,https://cdn.pokedb.org/1035168e62beedb1ad89d823581c5bac55bea09e4fa578f7558bc4fcf9c40274w70h70,https://cdn.pokedb.org/1035168e62beedb1ad89d823581c5bac55bea09e4fa578f7558bc4fcf9c40274w100h100
ivysaur-default,heartgold-soulsilver,front-shiny,,https://cdn.pokedb.org/fcd6f5854f8041740ec999aa837abbc3cd363e94ff33499b27c86d52416958f5,https://cdn.pokedb.org/fcd6f5854f8041740ec999aa837abbc3cd363e94ff33499b27c86d52416958f5w20h20,https://cdn.pokedb.org/fcd6f5854f8041740ec999aa837abbc3cd363e94ff33499b27c86d52416958f5w40h40,https://cdn.pokedb.org/fcd6f5854f8041740ec999aa837abbc3cd363e94ff33499b27c86d52416958f5w70h70,https://cdn.pokedb.org/fcd6f5854f8041740ec999aa837abbc3cd363e94ff33499b27c86d52416958f5w100h100
ivysaur-default,heartgold-soulsilver,front-shiny,,https://cdn.pokedb.org/298a53a24b34f32e410cef6a446cae2317fb2d0058fcc319b9ef605648865c12,https://cdn.pokedb.org/298a53a24b34f32e410cef6a446cae2317fb2d0058fcc319b9ef605648865c12w20h20,https://cdn.pokedb.org/298a53a24b34f32e410cef6a446cae2317fb2d0058fcc319b9ef605648865c12w40h40,https://cdn.pokedb.org/298a53a24b34f32e410cef6a446cae2317fb2d0058fcc319b9ef605648865c12w70h70,https://cdn.pokedb.org/298a53a24b34f32e410cef6a446cae2317fb2d0058fcc319b9ef605648865c12w100h100
ivysaur-default,home,front-normal,,https://cdn.pokedb.org/19fbf88ec14e2d43e9887e245a091ebdbef6ed70443290faa6d00c0f0efca800,https://cdn.pokedb.org/19fbf88ec14e2d43e9887e245a091ebdbef6ed70443290faa6d00c0f0efca800w20h20,https://cdn.pokedb.org/19fbf88ec14e2d43e9887e245a091ebdbef6ed70443290faa6d00c0f0efca800w40h40,https://cdn.pokedb.org/19fbf88ec14e2d43e9887e245a091ebdbef6ed70443290faa6d00c0f0efca800w70h70,https://cdn.pokedb.org/19fbf88ec14e2d43e9887e245a091ebdbef6ed70443290faa6d00c0f0efca800w100h100
ivysaur-default,home,front-shiny,,https://cdn.pokedb.org/e7c83431ba0f4fc815422b614a38400dc9666f340d95283f432dce497aae712f,https://cdn.pokedb.org/e7c83431ba0f4fc815422b614a38400dc9666f340d95283f432dce497aae712fw20h20,https://cdn.pokedb.org/e7c83431ba0f4fc815422b614a38400dc9666f340d95283f432dce497aae712fw40h40,https://cdn.pokedb.org/e7c83431ba0f4fc815422b614a38400dc9666f340d95283f432dce497aae712fw70h70,https://cdn.pokedb.org/e7c83431ba0f4fc815422b614a38400dc9666f340d95283f432dce497aae712fw100h100
ivysaur-default,platinum,front-normal,,https://cdn.pokedb.org/fbf166833642289100bd602aa541536919cf248602191ed900e6eaab45a71225,https://cdn.pokedb.org/fbf166833642289100bd602aa541536919cf248602191ed900e6eaab45a71225w20h20,https://cdn.pokedb.org/fbf166833642289100bd602aa541536919cf248602191ed900e6eaab45a71225w40h40,https://cdn.pokedb.org/fbf166833642289100bd602aa541536919cf248602191ed900e6eaab45a71225w70h70,https://cdn.pokedb.org/fbf166833642289100bd602aa541536919cf248602191ed900e6eaab45a71225w100h100
ivysaur-default,platinum,front-normal,,https://cdn.pokedb.org/553980ce91ec29234e2754be1e4ae9c4cdb2b22132f3f590e0929dee80267b96,https://cdn.pokedb.org/553980ce91ec29234e2754be1e4ae9c4cdb2b22132f3f590e0929dee80267b96w20h20,https://cdn.pokedb.org/553980ce91ec29234e2754be1e4ae9c4cdb2b22132f3f590e0929dee80267b96w40h40,https://cdn.pokedb.org/553980ce91ec29234e2754be1e4ae9c4cdb2b22132f3f590e0929dee80267b96w70h70,https://cdn.pokedb.org/553980ce91ec29234e2754be1e4ae9c4cdb2b22132f3f590e0929dee80267b96w100h100
ivysaur-default,platinum,front-shiny,,https://cdn.pokedb.org/99738799570b2764680941ef7ccb28dc54259bcce1b06c83b8d0ba99879afa30,https://cdn.pokedb.org/99738799570b2764680941ef7ccb28dc54259bcce1b06c83b8d0ba99879afa30w20h20,https://cdn.pokedb.org/99738799570b2764680941ef7ccb28dc54259bcce1b06c83b8d0ba99879afa30w40h40,https://cdn.pokedb.org/99738799570b2764680941ef7ccb28dc54259bcce1b06c83b8d0ba99879afa30w70h70,https://cdn.pokedb.org/99738799570b2764680941ef7ccb28dc54259bcce1b06c83b8d0ba99879afa30w100h100
ivysaur-default,platinum,front-shiny,,https://cdn.pokedb.org/5d2ff893a59ef15e0c17b56a55f1e1768417aa0b2e10c1fe447bc8db3619bb61,https://cdn.pokedb.org/5d2ff893a59ef15e0c17b56a55f1e1768417aa0b2e10c1fe447bc8db3619bb61w20h20,https://cdn.pokedb.org/5d2ff893a59ef15e0c17b56a55f1e1768417aa0b2e10c1fe447bc8db3619bb61w40h40,https://cdn.pokedb.org/5d2ff893a59ef15e0c17b56a55f1e1768417aa0b2e10c1fe447bc8db3619bb61w70h70,https://cdn.pokedb.org/5d2ff893a59ef15e0c17b56a55f1e1768417aa0b2e10c1fe447bc8db3619bb61w100h100
ivysaur-default,red-blue,front-normal,,https://cdn.pokedb.org/74ae74212d346c28ab3bce17db6d289da88c1dd517700a1ce1039b5df402cbdf,https://cdn.pokedb.org/74ae74212d346c28ab3bce17db6d289da88c1dd517700a1ce1039b5df402cbdfw20h20,https://cdn.pokedb.org/74ae74212d346c28ab3bce17db6d289da88c1dd517700a1ce1039b5df402cbdfw40h40,https://cdn.pokedb.org/74ae74212d346c28ab3bce17db6d289da88c1dd517700a1ce1039b5df402cbdfw70h70,https://cdn.pokedb.org/74ae74212d346c28ab3bce17db6d289da88c1dd517700a1ce1039b5df402cbdfw100h100
ivysaur-default,red-green,back-normal,,https://cdn.pokedb.org/0be72e29c60a3067c2942ba6b9eef342f8cc4c3b2337b149a71c11c5bdcb8679,https://cdn.pokedb.org/0be72e29c60a3067c2942ba6b9eef342f8cc4c3b2337b149a71c11c5bdcb8679w20h20,https://cdn.pokedb.org/0be72e29c60a3067c2942ba6b9eef342f8cc4c3b2337b149a71c11c5bdcb8679w40h40,https://cdn.pokedb.org/0be72e29c60a3067c2942ba6b9eef342f8cc4c3b2337b149a71c11c5bdcb8679w70h70,https://cdn.pokedb.org/0be72e29c60a3067c2942ba6b9eef342f8cc4c3b2337b149a71c11c5bdcb8679w100h100
ivysaur-default,red-green,front-normal,,https://cdn.pokedb.org/a49a9eea7e0b300c76a476f30c029ad218e54e2097509abb332634f9c564fa68,https://cdn.pokedb.org/a49a9eea7e0b300c76a476f30c029ad218e54e2097509abb332634f9c564fa68w20h20,https://cdn.pokedb.org/a49a9eea7e0b300c76a476f30c029ad218e54e2097509abb332634f9c564fa68w40h40,https://cdn.pokedb.org/a49a9eea7e0b300c76a476f30c029ad218e54e2097509abb332634f9c564fa68w70h70,https://cdn.pokedb.org/a49a9eea7e0b300c76a476f30c029ad218e54e2097509abb332634f9c564fa68w100h100
ivysaur-default,ruby-sapphire,front-normal,,https://cdn.pokedb.org/e208dc4b6e2750d786ac96e05f0234385389df49b3005cd21ef3f60e93b73ca5,https://cdn.pokedb.org/e208dc4b6e2750d786ac96e05f0234385389df49b3005cd21ef3f60e93b73ca5w20h20,https://cdn.pokedb.org/e208dc4b6e2750d786ac96e05f0234385389df49b3005cd21ef3f60e93b73ca5w40h40,https://cdn.pokedb.org/e208dc4b6e2750d786ac96e05f0234385389df49b3005cd21ef3f60e93b73ca5w70h70,https://cdn.pokedb.org/e208dc4b6e2750d786ac96e05f0234385389df49b3005cd21ef3f60e93b73ca5w100h100
ivysaur-default,ruby-sapphire,front-shiny,,https://cdn.pokedb.org/b3646c406969c84d63c0a01eb4b8c3b7dc14d017d6c8256d047bf6820a2db930,https://cdn.pokedb.org/b3646c406969c84d63c0a01eb4b8c3b7dc14d017d6c8256d047bf6820a2db930w20h20,https://cdn.pokedb.org/b3646c406969c84d63c0a01eb4b8c3b7dc14d017d6c8256d047bf6820a2db930w40h40,https://cdn.pokedb.org/b3646c406969c84d63c0a01eb4b8c3b7dc14d017d6c8256d047bf6820a2db930w70h70,https://cdn.pokedb.org/b3646c406969c84d63c0a01eb4b8c3b7dc14d017d6c8256d047bf6820a2db930w100h100
ivysaur-default,silver,front-normal,,https://cdn.pokedb.org/981eda4b4028768e85be83f311f3822039074de491bbfd51d865a33704764dba,https://cdn.pokedb.org/981eda4b4028768e85be83f311f3822039074de491bbfd51d865a33704764dbaw20h20,https://cdn.pokedb.org/981eda4b4028768e85be83f311f3822039074de491bbfd51d865a33704764dbaw40h40,https://cdn.pokedb.org/981eda4b4028768e85be83f311f3822039074de491bbfd51d865a33704764dbaw70h70,https://cdn.pokedb.org/981eda4b4028768e85be83f311f3822039074de491bbfd51d865a33704764dbaw100h100
ivysaur-default,silver,front-shiny,,https://cdn.pokedb.org/2e241cd3349801e2c35ded064727939361b04c527e19636bd50e0ae3a02727fe,https://cdn.pokedb.org/2e241cd3349801e2c35ded064727939361b04c527e19636bd50e0ae3a02727few20h20,https://cdn.pokedb.org/2e241cd3349801e2c35ded064727939361b04c527e19636bd50e0ae3a02727few40h40,https://cdn.pokedb.org/2e241cd3349801e2c35ded064727939361b04c527e19636bd50e0ae3a02727few70h70,https://cdn.pokedb.org/2e241cd3349801e2c35ded064727939361b04c527e19636bd50e0ae3a02727few100h100
ivysaur-default,stadium-2,front-normal,,https://cdn.pokedb.org/dad402712d9b7025a2c3e9179c0bb7fa01aa224c37c8055c5c86d54bb1e2d840,https://cdn.pokedb.org/dad402712d9b7025a2c3e9179c0bb7fa01aa224c37c8055c5c86d54bb1e2d840w20h20,https://cdn.pokedb.org/dad402712d9b7025a2c3e9179c0bb7fa01aa224c37c8055c5c86d54bb1e2d840w40h40,https://cdn.pokedb.org/dad402712d9b7025a2c3e9179c0bb7fa01aa224c37c8055c5c86d54bb1e2d840w70h70,https://cdn.pokedb.org/dad402712d9b7025a2c3e9179c0bb7fa01aa224c37c8055c5c86d54bb1e2d840w100h100
ivysaur-default,stadium-2,front-shiny,,https://cdn.pokedb.org/c60a323ff24d3195cfc4e6d1a845ca390f1e0733fbc71c2c328ed9c994b5b523,https://cdn.pokedb.org/c60a323ff24d3195cfc4e6d1a845ca390f1e0733fbc71c2c328ed9c994b5b523w20h20,https://cdn.pokedb.org/c60a323ff24d3195cfc4e6d1a845ca390f1e0733fbc71c2c328ed9c994b5b523w40h40,https://cdn.pokedb.org/c60a323ff24d3195cfc4e6d1a845ca390f1e0733fbc71c2c328ed9c994b5b523w70h70,https://cdn.pokedb.org/c60a323ff24d3195cfc4e6d1a845ca390f1e0733fbc71c2c328ed9c994b5b523w100h100
ivysaur-default,x-y,front-normal,,https://cdn.pokedb.org/87f70c5d94d02864bd6b20f6f257352c0562018b46b86f7e185e03323372a5d8,https://cdn.pokedb.org/87f70c5d94d02864bd6b20f6f257352c0562018b46b86f7e185e03323372a5d8w20h20,https://cdn.pokedb.org/87f70c5d94d02864bd6b20f6f257352c0562018b46b86f7e185e03323372a5d8w40h40,https://cdn.pokedb.org/87f70c5d94d02864bd6b20f6f257352c0562018b46b86f7e185e03323372a5d8w70h70,https://cdn.pokedb.org/87f70c5d94d02864bd6b20f6f257352c0562018b46b86f7e185e03323372a5d8w100h100
ivysaur-default,x-y,front-shiny,,https://cdn.pokedb.org/a4a3cb5a9a20e56a8d27b6c9eec70b2d32e76cce7c736d369d0ed965f29df969,https://cdn.pokedb.org/a4a3cb5a9a20e56a8d27b6c9eec70b2d32e76cce7c736d369d0ed965f29df969w20h20,https://cdn.pokedb.org/a4a3cb5a9a20e56a8d27b6c9eec70b2d32e76cce7c736d369d0ed965f29df969w40h40,https://cdn.pokedb.org/a4a3cb5a9a20e56a8d27b6c9eec70b2d32e76cce7c736d369d0ed965f29df969w70h70,https://cdn.pokedb.org/a4a3cb5a9a20e56a8d27b6c9eec70b2d32e76cce7c736d369d0ed965f29df969w100h100
ivysaur-default,x-y,back-normal,,https://cdn.pokedb.org/83d5706f4f8b84963b34b577dc063d576b335ee740f78b1b70c318c594cd41b4,https://cdn.pokedb.org/83d5706f4f8b84963b34b577dc063d576b335ee740f78b1b70c318c594cd41b4w20h20,https://cdn.pokedb.org/83d5706f4f8b84963b34b577dc063d576b335ee740f78b1b70c318c594cd41b4w40h40,https://cdn.pokedb.org/83d5706f4f8b84963b34b577dc063d576b335ee740f78b1b70c318c594cd41b4w70h70,https://cdn.pokedb.org/83d5706f4f8b84963b34b577dc063d576b335ee740f78b1b70c318c594cd41b4w100h100
ivysaur-default,x-y,back-shiny,,https://cdn.pokedb.org/62e1d6286220a2e5341fb5782530030c3b58de31d8d641d205346a66ace881a8,https://cdn.pokedb.org/62e1d6286220a2e5341fb5782530030c3b58de31d8d641d205346a66ace881a8w20h20,https://cdn.pokedb.org/62e1d6286220a2e5341fb5782530030c3b58de31d8d641d205346a66ace881a8w40h40,https://cdn.pokedb.org/62e1d6286220a2e5341fb5782530030c3b58de31d8d641d205346a66ace881a8w70h70,https://cdn.pokedb.org/62e1d6286220a2e5341fb5782530030c3b58de31d8d641d205346a66ace881a8w100h100
ivysaur-default,yellow,front-normal,,https://cdn.pokedb.org/ac4a2fd8ecebfc5e9d27e67bb146728617f362cce7fffb0be44d19232c9d4286,https://cdn.pokedb.org/ac4a2fd8ecebfc5e9d27e67bb146728617f362cce7fffb0be44d19232c9d4286w20h20,https://cdn.pokedb.org/ac4a2fd8ecebfc5e9d27e67bb146728617f362cce7fffb0be44d19232c9d4286w40h40,https://cdn.pokedb.org/ac4a2fd8ecebfc5e9d27e67bb146728617f362cce7fffb0be44d19232c9d4286w70h70,https://cdn.pokedb.org/ac4a2fd8ecebfc5e9d27e67bb146728617f362cce7fffb0be44d19232c9d4286w100h100
ivysaur-default,sword-shield,front-normal,,https://cdn.pokedb.org/db2102f7acb5ba34908c245fc7268a9dbe3f11498039ea0404855358fbe88844,https://cdn.pokedb.org/db2102f7acb5ba34908c245fc7268a9dbe3f11498039ea0404855358fbe88844w20h20,https://cdn.pokedb.org/db2102f7acb5ba34908c245fc7268a9dbe3f11498039ea0404855358fbe88844w40h40,https://cdn.pokedb.org/db2102f7acb5ba34908c245fc7268a9dbe3f11498039ea0404855358fbe88844w70h70,https://cdn.pokedb.org/db2102f7acb5ba34908c245fc7268a9dbe3f11498039ea0404855358fbe88844w100h100