type_id,type_of_image,version_identifier,description,image_path
1,icon,,Tera Gem icon,https://cdn.pokedb.org/eda502bac523c202162767f92372ae7570cf6956622ec827373194c14a3d345f
1,icon,sword-shield,,https://cdn.pokedb.org/41a666fbbb28e0c8f979d29c2f31cc729ceb8cadab162c3719ce382617039a70
1,icon,mezastar,,https://cdn.pokedb.org/3d093db0ac98792c87d7999d9e2eac4dc1a64f0e88655a1ec259145e40e86bd4
1,icon,new-snap,,https://cdn.pokedb.org/54bb59f2424cb0e961c5a04a80e71567f4313cb0bfead31b2fab9c813dfe8e21
1,icon,masters-ex,,https://cdn.pokedb.org/34b6545d2cd3104413de1171c360c6801fe323297d3fce6c1e87b78e3c21a290
1,icon,quest,,https://cdn.pokedb.org/dde29f881859a591d33f37aea12e955c80165f4b1e56ccbc9957b558d94d9547
1,icon,home,,https://cdn.pokedb.org/6f14e7121f941d51f9884cfd3158cdf12a409034eb168b15049dc95a20db3bb3
1,icon,ranger,,https://cdn.pokedb.org/3bb12a42edbe3ee9960fd652e953f0530408d8aa91d8bd9d1b2db05d90918d6b
1,icon,rescue-team-dx,,https://cdn.pokedb.org/9cf964fb0a09ca403eb5adbb0e76c78094dff3f87073b5b49d3a1ca7ed834f1c
1,icon,go,,https://cdn.pokedb.org/d52f4a8658f5002abe580f68745625360c11a4767cde14498af4ac4f42ed575f
1,icon,tretta,,https://cdn.pokedb.org/fa4c5144a75a9ab39b7eac5f30bbfbac42768213663ec4b6fd1d47647df20088
1,icon,rumble-rush,,https://cdn.pokedb.org/696ce56501f62c32eb8b216cd5669496a28aeb167b991cd7a4a70341a063bc96
1,icon,battrio,,https://cdn.pokedb.org/6c0050825827757744e462e988800bb765c8f54c7bd492b05a18e91b61f2d1b7
1,icon,sleep,,https://cdn.pokedb.org/44b01ed577c5a29a9c63a94456ef831e5bfb21b09f1f93cbce56d8551a2f41b3
1,icon,brilliant-diamond-shining-pearl,,https://cdn.pokedb.org/063c5fba77ee5168d6b2d93714174741266f1a60de1a3bd39b063c0902e8ed48
1,icon,stadium-jp-website,,https://cdn.pokedb.org/18b5983fbc118e90e2ed8b6b74f1943f2f675504e0538eab59c6e2d02ea4389a
1,name_plate,x-y,,https://cdn.pokedb.org/5a64604e6eb3933945bccbdfbc3960a0ba9714571142f654610f8ef5e748e9e1
1,name_plate,stadium-2,,https://cdn.pokedb.org/b11b14035f6fc6c19b28ebaecaf3d96789e90c898138d359fe36ceb5563bbdcd
1,name_plate,platinum,,https://cdn.pokedb.org/4e03a44edb67ef67b27bdad91027ddcab2bbe311e6d6390e072555ee9d45e9ae
1,name_plate,black-white,,https://cdn.pokedb.org/1b850ea0062377261bb9d592212b1102376f7948321454cfad5b03a9925fb0df
1,name_plate,ruby-sapphire,,https://cdn.pokedb.org/dc3985c489f3ba40dc6f820046b8441462aa5f2c352ff1cdf0ccba0a6fec50d5
1,name_plate,firered-leafgreen,,https://cdn.pokedb.org/c176ef4083f6ddffb8b1ba188a4d05bd01871c5f21ec716adf5802edc892559f
1,name_plate,stadium,,https://cdn.pokedb.org/d5b79ae94d0a06f382a2809f8b02d6664fe6b92c8bfccc4f4e021b19ed155fbb
1,name_plate,battle-revolution,,https://cdn.pokedb.org/d974f2db97afb53a15c5583bb08668cd1cbecca13bde6dfac69ad680890ecded
1,name_plate,colosseum,,https://cdn.pokedb.org/a6aaec89abc672210d9c40c4ae9c33e1f738773493ddb5710f4b077a0634b9bb
1,name_plate,diamond-pearl,,https://cdn.pokedb.org/fe9215204a4c3b62b839cbeea4b92a8878a98ab4aaeb4ed37cb89bd027e98b28
1,name_plate,sun-moon,,https://cdn.pokedb.org/f6744b13ced72854fee1c17584c74eb6d3c4152ffbdcf4c35c32c9cf39e6b545
1,name_plate,xd,,https://cdn.pokedb.org/f52cf466f162f81f52cf1656da8d480b239c37c3b0e68ddb3b02e1bfe93a974a
2,icon,home,,https://cdn.pokedb.org/8e5a40a12e563fad01c204a5eb1151ae6383c38a78f5d14ef965021b2595d5cf
2,icon,sword-shield,,https://cdn.pokedb.org/6b3ea273225d26449a172c15c9ae481a835a3e3182be969626fb2c3cddb0dc72
2,icon,masters-ex,,https://cdn.pokedb.org/0f8ab10ccb3ca3019e2d75a09a09637b146ddfb66d665c3d8297a56aceeab80f
2,icon,mezastar,,https://cdn.pokedb.org/42fb5f61b6c4026eed050b93c4e75ab1cd0c44ae58babc0d1f69aced90df6ee3
2,icon,quest,,https://cdn.pokedb.org/9d9ffe026af5fe7441864d7c1066c9fd6a446af6b43a728e5729e9ca1eddc726
2,icon,ranger,,https://cdn.pokedb.org/1776ddce840e7acbd42fd6ff9e54a3698407496299fa96188b0169bcd5297403
2,icon,stadium-jp-website,,https://cdn.pokedb.org/88467338e18283a4ea5d7e0594d54a3670bbea2ed29c342b6a5040d05dddbf00
2,icon,,TCG icon 1,https://cdn.pokedb.org/194a48ea3a756a3b7380c07b0e4ae01750d14ac9e3d31cdda82add94ba5be809
2,icon,rescue-team-dx,,https://cdn.pokedb.org/f9586caf7c4d8ebe4860ba3556f1774a7ba0f87e35ac933d26a0d39177a7eb84
2,icon,,Tera Gem icon,https://cdn.pokedb.org/7b4d0fce89c07664492d479e70e7bd236f2da6a171a00a54ba3690840641f15e
2,icon,new-snap,,https://cdn.pokedb.org/06fb8d30ce9f79def4009522e7a7c6252ca589187983dc8a6b02231208dc24e2
2,icon,brilliant-diamond-shining-pearl,,https://cdn.pokedb.org/868dbb975572cfeaa656462c0f59ba922f93c27070914b5e4b223572d6474329
2,icon,go,,https://cdn.pokedb.org/868aa1e44c1ab053dd58ecc835804c187f3e35633597a99940a6c8456dbf8f11
2,icon,battrio,,https://cdn.pokedb.org/7b1c9ea0bb50e4535da0b9a308649b967167d872a5ca59149df6c9cfa9798b2d
2,icon,,TCG (GB) icon,https://cdn.pokedb.org/7b679e6fa4b0c2ecb55bfd4b50ad32c0076e318a5b0e8bfffec6856bdc3c5dbe
2,icon,rumble-rush,,https://cdn.pokedb.org/d83e4acbb3805d1a1c5ee715006139c7b7529477ed53bfafd6feccb6ca6e12f6
2,icon,tretta,,https://cdn.pokedb.org/26ffeb697963528e9b7b0a32741669c7ea7ec0e6aa6fbc7fe18edb1873af4787
2,icon,,TCG icon 2,https://cdn.pokedb.org/086efcd98562ae7d1d72a9e957d7836ea9da806693d39cd45bbbc5820e8074e8
2,icon,sleep,,https://cdn.pokedb.org/a841f745590afe61a431eab8f9c3f757bbe66192c5c7d9d2fc8309a8efcb8952
2,name_plate,stadium,,https://cdn.pokedb.org/605ebe06f4931f88ea8f13ce3ab58d4b2731889527562b4cefe5f2590736996a
2,name_plate,x-y,,https://cdn.pokedb.org/6f0528cdf1344c7388369a7d70c097c515652b8e42812994a34e32c47dd7eea8
2,name_plate,xd,,https://cdn.pokedb.org/feffdcebece0e811e0db3090c7eba2854c63c1286d35b2eb97b843cfe7e15aea
2,name_plate,black-white,,https://cdn.pokedb.org/3000e364b7d5b71c433edcbc0c59e0f201ca9666db1772f719cdd3e2cee468d0
2,name_plate,colosseum,,https://cdn.pokedb.org/0474c97d05f279a8a614ccefa1d0796c5250eabb072b562f917ef2c9818c1a90
2,name_plate,stadium-2,,https://cdn.pokedb.org/62dc5730a538ef1767323c769b3527cf1131ccdca6791eb101dc89adac6c4295
2,name_plate,diamond-pearl,,https://cdn.pokedb.org/a927024a81c589f535c7c50f28aecd8cef61fde537e203c78891239d1db5b040
2,name_plate,sun-moon,,https://cdn.pokedb.org/ea7d31efe36ade686305c14fb95e8ad555951e5524d233935225d133d8871f61
2,name_plate,battle-revolution,,https://cdn.pokedb.org/b07556bc1e5561aefa823d40cf564da742364656866ad5d9de031a12ff0f3abd
2,name_plate,firered-leafgreen,,https://cdn.pokedb.org/6036f994eeec200faaf5a5959a579682a251b001f6c246ee27fc7874735e80ce
2,name_plate,ruby-sapphire,,https://cdn.pokedb.org/1cefc80734d2ac0e2a25561a229fe6f10ec321f57273c23ab7f04e639a8f07ca
2,name_plate,platinum,,https://cdn.pokedb.org/f66349fb7f037697f631afbd52eda4160b0d810059ea1380b65fee8fadacabff
3,icon,rescue-team-dx,,https://cdn.pokedb.org/f7c9934df98476786a5f6ca98563877d6e6990cb45d296489988eb1744f25003
3,icon,ranger,,https://cdn.pokedb.org/e3d8c3b4553f6c40f072044a92b9af03c9c07a7a312c7d915e16d138ae555f2b
3,icon,home,,https://cdn.pokedb.org/8b0604ba76f3d697f75a6f51ee65feb5029530ccba61d2d8f387e134ffd913f4
3,icon,rumble-rush,,https://cdn.pokedb.org/3562e697aa8a386519878cd59caee9ea1c9fc2d30e8e5187b581a24b01046c5c
3,icon,sleep,,https://cdn.pokedb.org/be9268e606d6bde9676beff188e6636bbe1238d81122892c8b757a9e980600b8
3,icon,tretta,,https://cdn.pokedb.org/077f80010715888b5ccd39d3c3444f63586325525a00fa9f44868b2a59d99a67
3,icon,masters-ex,,https://cdn.pokedb.org/5cf065fec1d4d45749b80162f0c7ca054974db23e436596eabc453b602ec9bb7
3,icon,go,,https://cdn.pokedb.org/5d561e8940f50db4488fd8b484be50f47c76b0a76a22036e07f68e163757cc4d
3,icon,stadium-jp-website,,https://cdn.pokedb.org/184dd8cdcdbf15109aa0f3cb287db04cdfa4358bc2a9e99c8010ea1baa3fdfdb
3,icon,,Tera Gem icon,https://cdn.pokedb.org/2ef4bb74c04bf78a0fec7001e39579d52199153250829143ffad6f7baf9dc324
3,icon,quest,,https://cdn.pokedb.org/4e77a22fe77d4afe619a0ee2d10f617e02e061efd32b0357ab496ad4cc04e541
3,icon,sword-shield,,https://cdn.pokedb.org/5e37a2e2f9428beb010d4d44e80d8a4fafe5c762de9929fca08ebb3f5e90a59a
3,icon,battrio,,https://cdn.pokedb.org/4a5fa8dfef5e860baf04cbd4fbcbd812ab2ef718c7417fd48397584cbe398d39
3,icon,brilliant-diamond-shining-pearl,,https://cdn.pokedb.org/15e9c5ef478fb6a1e206fed485d0aa5537ec376330faebabff6b801013fece13
3,icon,mezastar,,https://cdn.pokedb.org/090451a786e496d3308c95c54aee4dfe60a51bfce96ff648305b5f5bfff4625a
3,name_plate,diamond-pearl,,https://cdn.pokedb.org/d091093cd9fe5322e2bb51413ed2387874bdfd377ecaa4c4f2e82fef762d4381
3,name_plate,sun-moon,,https://cdn.pokedb.org/22eee330f69836c88f716c639d1d4895e637c5106837f46da848f05caca74290
3,name_plate,stadium-2,,https://cdn.pokedb.org/122b16ca206da511c8aa96292381cea3db88f364cab111377950b540670b0d09
3,name_plate,x-y,,https://cdn.pokedb.org/1b2d293e36674c812e328b401af2f533ccaa2e5683878e0ab01bb89e0a6408b7
3,name_plate,platinum,,https://cdn.pokedb.org/9b7f1e18e2b51f452f3dbacd49cecc40df70e666bb108047c8eba56c5ada7acd
3,name_plate,ruby-sapphire,,https://cdn.pokedb.org/557e403a597752dcb52fedaddaafd6605e02378a87adc28db1d0052028d74edd
3,name_plate,colosseum,,https://cdn.pokedb.org/07bed6a7e231c1c48e8e5e365ffd2bd9a4551a828ab12aa077c067f49ddc50bc
3,name_plate,firered-leafgreen,,https://cdn.pokedb.org/af7228cb22cdcaa6252f3d487cbe1e6e5d4ac6937944bbae0430baea64ae1f55
3,name_plate,stadium,,https://cdn.pokedb.org/41496d80659bcc7085e2b94d4ad462d7a8593c6a9f74091be34afae03d0901f0
3,name_plate,battle-revolution,,https://cdn.pokedb.org/74de8c6f22b933fbdee0011c5b33335f915b85b1eac46e750d917b5f4f619f44
3,name_plate,xd,,https://cdn.pokedb.org/df0fe802f50ad652d989e7b022ba5d4a78484b73a6a4997200b30772c62f8edc
3,name_plate,black-white,,https://cdn.pokedb.org/d7e39acabb2eb6621b919c66af60737eff7b2d222bec33e0262065191dbf1616
4,icon,tretta,,https://cdn.pokedb.org/f1db200ab95858a397af45d6e13ac3683439da974ad394e0497ce1a3b072109d
4,icon,sword-shield,,https://cdn.pokedb.org/6f9236b349c0feb7b2edbdccb04254eb8cc7f45899fcae351cd81168a1922f5b
4,icon,masters-ex,,https://cdn.pokedb.org/20814a5b6062b70a28d22eee00c09afc3b482db08898a606aab66bcd1b977800
4,icon,stadium-jp-website,,https://cdn.pokedb.org/f8c079feb9e8abaeb8998b9a384d05394d6639fc116bc733583a5d1f8de2935b
4,icon,quest,,https://cdn.pokedb.org/0a8b2c586375167c06e0cfe2b2f4d6575555ca86ff203979a34d658a22ec29e5
4,icon,home,,https://cdn.pokedb.org/f04a8bcb0664ff82b4b631e71d0ec04e3794300770c5b21b54a0c50c35d57fa5
4,icon,,Tera Gem icon,https://cdn.pokedb.org/a21e4fb28bfdc0170c1051ccdc5872d2a367dce7ad1b3f87281f725962321100
4,icon,ranger,,https://cdn.pokedb.org/8de4e4829ba9633a355660b91e973dd48869d2b53f718ed253d20ede6b5fdae6
4,icon,go,,https://cdn.pokedb.org/41c372d17ffaae9f88b35450a4dbd31c0f3e9268ac83c4c0b6890bc20fb33f4f
4,icon,new-snap,,https://cdn.pokedb.org/6c078f9e9db106700cf16efb40b9287e5107db9fd4d485f9bcdc76a498512c98
4,icon,rescue-team-dx,,https://cdn.pokedb.org/d63fcf0f0118b2e1ef2504000e58394158954b5464d8fbd59dc8c794207bf6fb
4,icon,mezastar,,https://cdn.pokedb.org/2a05c1f28fa3d6ff3bf102f6452cd1c30c9732b98319b8c18cfd2b62ea9c0320
4,icon,sleep,,https://cdn.pokedb.org/f7ba88e7f57803053e2d245fa5cd96a048b3945fba1f864c3b7455ff314f3c33
4,icon,brilliant-diamond-shining-pearl,,https://cdn.pokedb.org/4e789a66b0826793ea7d21abcb37004a24e99c58fe1361fd12eb2412fb76f083
4,icon,battrio,,https://cdn.pokedb.org/96ab2a2ba107ccdd09b566ece52ad1b3d6c796933ab84947efea5483710d5c23
4,icon,rumble-rush,,https://cdn.pokedb.org/321bc7aed49c1b8c8b2c5978d95447f76575628d30211661fee3645b164ea139
4,name_plate,x-y,,https://cdn.pokedb.org/ef2b62655c41700d3b0c5efdb5b02ce5b1f6e2e18b23d5b3883d08e6cdc7df86
4,name_plate,black-white,,https://cdn.pokedb.org/0cf3cf66efefb9f657b4cb4bd8832eaf1fd6699e81b0c17925b9cd1a96fcc7c7
4,name_plate,ruby-sapphire,,https://cdn.pokedb.org/06e16613547c5657be29c6ae0a91e2671c7aff459b42d052f2238eb59972ca01
4,name_plate,sun-moon,,https://cdn.pokedb.org/bc3adb0290e01b5b91bbece9e6ac0f8f6c9f2f1d8c21568e70f833d78e72e3db
4,name_plate,xd,,https://cdn.pokedb.org/84583761a87e1a0260ac6a26fdee1adff28439888cbc3af2e30d706fff9eb5a5
4,name_plate,stadium,,https://cdn.pokedb.org/9714e5923f91da390c4bc3c4e3a4e68ec4127d16e3374b058e838ceacefdf6e1
4,name_plate,battle-revolution,,https://cdn.pokedb.org/30c472e28f8c1bdb8f08568ee97297ec72c8a641f288e649e81815bf99026ffb
4,name_plate,stadium-2,,https://cdn.pokedb.org/1a5ce5cc5900d5a30bfc9a3e944af48250c04e0c97969cb4370c365700fec346
4,name_plate,colosseum,,https://cdn.pokedb.org/24466f65ad37109f5da766d33958c0c0e3898bf609a899f8ffa3e8998cc622d6
4,name_plate,platinum,,https://cdn.pokedb.org/b1de1f4875dbf1a1ab2049c2c9872dd6822525cd0e44b54f9a53b191ca09e5ee
4,name_plate,diamond-pearl,,https://cdn.pokedb.org/39c54df00f3c49777a77fbcc921b3927100491f0d8cdab45916a6de36038391e
4,name_plate,firered-leafgreen,,https://cdn.pokedb.org/76e4ef7d73b73971dcb552fa46d499ea861c49ef4308af7dd82a90f8fddd4be4
5,icon,mezastar,,https://cdn.pokedb.org/d22117f70fcdb2b2b0ead17a92e0221e5c8a1b5709ac9ad7d91d63b5a502033c
5,icon,brilliant-diamond-shining-pearl,,https://cdn.pokedb.org/cf29e698c8a4dd09a35028af54047b8910d6e66af469021df1b922db023ed9ce
5,icon,stadium-jp-website,,https://cdn.pokedb.org/9306442dcbcea97386e55c790a9651fe98bc425749c7f57c4bacb6f9a4e81f7e
5,icon,,Tera Gem icon,https://cdn.pokedb.org/f53a51476926e70257f090c1afe7bdb8d6dfe658c61ec4b040569605d9d11b9c
5,icon,sleep,,https://cdn.pokedb.org/41d751d18c1eb58db353d7d2319f9e13d04000044a20983f4b15643e9712b4dc
5,icon,new-snap,,https://cdn.pokedb.org/3e28c629f489c4af852287b5bab536eaf1cdce0b1bfbf333a5e30329fdc7f817
5,icon,battrio,,https://cdn.pokedb.org/c06e677802238bf509402ac0b70ec43ad793c7434ed639a584d1632e44041a48
5,icon,rumble-rush,,https://cdn.pokedb.org/c6b871aea93e2a1c5ad29e6c63b9945c1e02cf7582ecee4e00d74a5cfebb3f1d
5,icon,tretta,,https://cdn.pokedb.org/6f6b606cf622982617a575de12470d56ddd0621f69c32775a8c8a4cd493cd620
5,icon,go,,https://cdn.pokedb.org/65f4f5e227c460ea4f7bc4d12ab31b53c437cf85812e8395b5254b08b949f3d1
5,icon,rescue-team-dx,,https://cdn.pokedb.org/080fa18057b49807118ebdbc85ef5268285fa8463c87d51b9e46021385de4d09
5,icon,ranger,,https://cdn.pokedb.org/2710339eaf4498094d8854f4bb5180c844df6eef9a5493e0ccde048a9a4e95c5
5,icon,home,,https://cdn.pokedb.org/2d4c3b55373cb625347b27b2c22b184675f8aed20a5cb76fd5d3fec0c9c4a930
5,icon,quest,,https://cdn.pokedb.org/6eaa56edb011fb25ce11e0d8205084cf4221796addcf78a33b047bf125c72c79
5,icon,masters-ex,,https://cdn.pokedb.org/1978e9c8172e98978fca092acf32dd27096f219c699005967baed1e93fe83007
5,icon,sword-shield,,https://cdn.pokedb.org/f22602030e7898c353b1afeed62c374a5e07b1fc368095ae1177251318e93687
5,name_plate,ruby-sapphire,,https://cdn.pokedb.org/b4636145e5d12c32e39e4634cd5416e3af4c797fa3ba42c5d45e0edf4eb0040e
5,name_plate,colosseum,,https://cdn.pokedb.org/930c84b73132f864d86302fd77ef5f1c78d460d0419d9aba7a3a6b97c72ca4c3
5,name_plate,xd,,https://cdn.pokedb.org/0754ce5522f41a1fcd502b9e161205ac2daf880e4f1cbd2f8ef80a6323fc5526
5,name_plate,battle-revolution,,https://cdn.pokedb.org/680347f83362938707240584dfa5e8fad2fb5816217cf41b71a87959c7fa372e
5,name_plate,diamond-pearl,,https://cdn.pokedb.org/a68bd9e1b6a65a2a0741d7e610dac5f5c8575400ab6c4f8e446bb721b8256a6d
5,name_plate,platinum,,https://cdn.pokedb.org/488c897236c284244761b0a90383426116a9a783196ce5275abe66301e2eb302
5,name_plate,x-y,,https://cdn.pokedb.org/2053a186e7dadad98a31947301eadd5d04810af5b3149bff10ce599dfbdbf586
5,name_plate,black-white,,https://cdn.pokedb.org/6339b68884af5c4078992f15c57755f792127eae47c2e51e22d50254d51df773
5,name_plate,stadium-2,,https://cdn.pokedb.org/eb3ef1642dbca0f9d2d44690aef79ff02141a27194d42b47be556769684e1185
5,name_plate,firered-leafgreen,,https://cdn.pokedb.org/c902e81e9021016077871e104e0216d80384fa79dfe40ee18c870c3623a222bd
5,name_plate,sun-moon,,https://cdn.pokedb.org/4e1f351e0331ff31e2f1587373bd5c2de28981d67ba5f7cdbb2f3dd9b6cfc1bc
5,name_plate,stadium,,https://cdn.pokedb.org/00cfd3544b67281bc7321b17ed98478a174a2a5a59cb33ee9ad69db7010b9811
6,icon,mezastar,,https://cdn.pokedb.org/cca24da38fe0532dee4ea48c632fbf13e043d5c4db5000b069d9612d6b675241
6,icon,sword-shield,,https://cdn.pokedb.org/5119944c678503a90baa19215e4630b14f7dd82c21b5abfd2bbe4b7284118140
6,icon,home,,https://cdn.pokedb.org/48d06ca8287436a77e06cf643196b6e66d313f94f907fa455c93dac83cdaf36e
6,icon,masters-ex,,https://cdn.pokedb.org/c767258bb5462cbd9d17a4808b0aaa499d418b5ac9642cbe91f4d673a0194b5f
6,icon,quest,,https://cdn.pokedb.org/96e2779fc61ff19b8477775b92c7108098d6df44af6ae8b73cb256b8555f626b
6,icon,rumble-rush,,https://cdn.pokedb.org/7a2070780352a6326e17624d6a71b6c1d6ce30f9066d8087e3bd8b8dac5cb833
6,icon,stadium-jp-website,,https://cdn.pokedb.org/4c382a6b60289393b114be1debe2cc0bb9541b6a36f51523207e190b7966a0d1
6,icon,tretta,,https://cdn.pokedb.org/c39686da96ea76464258d7c055e4e223aca830672d26cc11dd57f5e4e35546d2
6,icon,battrio,,https://cdn.pokedb.org/1aa576fffdf9212fde0df673b241e1e603c649db5f1129bea5da2f4b600c6d76
6,icon,go,,https://cdn.pokedb.org/90cb31eeef9ad00ac77324b1dc4e552c1740a97be815d29f36e2c99184d477d0
6,icon,sleep,,https://cdn.pokedb.org/4a665ce52677939903756db9a0bb6e4f5d1498af8a9b8d143cc74638ef836872
6,icon,ranger,,https://cdn.pokedb.org/cc9ee0721eaab06f7b08eee9e5dd3fb0efd3fdd4c1438e8a7c5ba866995760e4
6,icon,,Tera Gem icon,https://cdn.pokedb.org/a661e21daa9b2f07623da1fb7bab8e0fd5227c5845625ca7be25424b0b7a43c5
6,icon,rescue-team-dx,,https://cdn.pokedb.org/d1dde4768b3ef37507cde709e7cf5f27d6c016070d18211b58b34548406910c9
6,icon,brilliant-diamond-shining-pearl,,https://cdn.pokedb.org/158a7776c5559f478b94ba0bf3c27bac9f1918967579c4b8742cc9ed6900405f
6,name_plate,sun-moon,,https://cdn.pokedb.org/fb4bd556ea6e2c8d04972b496d0f69244d9e295188803cd61adb2132beef3d7c
6,name_plate,diamond-pearl,,https://cdn.pokedb.org/a36d8f68f85d2f009be5c816feefdd80ef5602bd8e672e848ebf820a6dd2c5d7
6,name_plate,x-y,,https://cdn.pokedb.org/400af59d5bbcbeaf65855f85f3632851a0e147bc0ab369a7fa340c73981d0ff3
6,name_plate,battle-revolution,,https://cdn.pokedb.org/18e3a0f795cbc700744ed752be686db26d986c586318af102ae0c7181c71c554
6,name_plate,colosseum,,https://cdn.pokedb.org/088c56b6c2f03959bf28d5d44536f37f7d2f0ca6bd3a235f429bb98705c46620
6,name_plate,stadium-2,,https://cdn.pokedb.org/3eaf01c7784c40347c0b1aedf5d7acadb0864a5735bc5c615b6f2cd33f24dec3
6,name_plate,xd,,https://cdn.pokedb.org/be810ff317fc731cee8a4d862d1651aa9f3c35038d461b1cf68628c31396dea0
6,name_plate,stadium,,https://cdn.pokedb.org/1f1c901f62e855d9e9ba454a7a94e0a4a162cfe9fa04baba74ffd8b6dd6fe54b
6,name_plate,platinum,,https://cdn.pokedb.org/1a0a829bf9d984ed003b96eefff66d8530c9e9044f39a012f027f332f846cd6b
6,name_plate,black-white,,https://cdn.pokedb.org/e5fb289de59db02701fe18a1d1f42c8bc4db3ae01d157bde963d77523228bf60
6,name_plate,ruby-sapphire,,https://cdn.pokedb.org/d65fe3191a3bdd609af286922be81e9b34e83e228fc6bded0151189300733f16
6,name_plate,firered-leafgreen,,https://cdn.pokedb.org/fd82053bfc2e589f3834f2934add617a8fcb9f42efba77f560b676fb93092e80
7,icon,masters-ex,,https://cdn.pokedb.org/bd513a741b849ef61271b2e62cac2ced894f979eac5bd293387fe25085f795c9
7,icon,ranger,,https://cdn.pokedb.org/7a235cdadd1535a7a9844c51d2a420a53dd3b01ad17ce4d7c6ab7363a86a09ea
7,icon,brilliant-diamond-shining-pearl,,https://cdn.pokedb.org/ae48d264dede520189b9aa4f3efdbbc41a853b918bb3fe050d1263ad8474d024
7,icon,sleep,,https://cdn.pokedb.org/44731589c1f1dcef9062c826d951afdabd812a5f8b6756259b48e811f1244416
7,icon,home,,https://cdn.pokedb.org/083d487ec95d0de4035c38fa44f94b3846c174ea4a09cb8cbc42ad8d6fc56d7f
7,icon,sword-shield,,https://cdn.pokedb.org/756281dac1743c87d11b85dc5389fbf275223309a2a6663bd0f1d0d7b6afa9bf
7,icon,mezastar,,https://cdn.pokedb.org/5e9c6ec50575213e1b770f9f9d02b8ddb5c0c60ed7ccabfb8a612da585145afa
7,icon,rescue-team-dx,,https://cdn.pokedb.org/6a0949b599623911728c6148d1c585197ac5fee486e9987d9f5f0f5bfca71dad
7,icon,rumble-rush,,https://cdn.pokedb.org/b3e14d5c150ab704f0a82a6ad658df3d80b5df750738b52a5ba70c81b2a167c9
7,icon,go,,https://cdn.pokedb.org/3885df9bdb748249e37561926c56edc6026a727e2b12db56f295020a711755bc
7,icon,battrio,,https://cdn.pokedb.org/27d518756dca3f9c5de72bc7f7135d40df0e3f1a3d8923fc5fa26d0cdb37e162
7,icon,stadium-jp-website,,https://cdn.pokedb.org/a6e36c97fc9b4c9bca6aaf4fe8243d7a60f804718e9bc6c85ad5b844fe149e5b
7,icon,quest,,https://cdn.pokedb.org/9bfdadc025c6ad65d6fbe777553e9e28156f6b82c7edd5888a147775006aecac
7,icon,,Tera Gem icon,https://cdn.pokedb.org/16ae7c64be7de863d88f2550e642f64c4d5be8912f2341544eb7559cabb8ac64
7,icon,tretta,,https://cdn.pokedb.org/2d6c6bc0ec535ff3f3df5c30831eb026df527083fa29e455d58a1eeea1e88036
7,name_plate,battle-revolution,,https://cdn.pokedb.org/a2a09f5d761f49fde3162e96950764902b20956a4f47a4ac85485c9e959d7384
7,name_plate,black-white,,https://cdn.pokedb.org/269465b620b249bd98de9eef395679b88e20757bb33da3d599956a480441f7b5
7,name_plate,colosseum,,https://cdn.pokedb.org/bcd064ff836a3fc54033ecc076c3798592d529e34a4b59fb0e08ccefbed05c22
7,name_plate,diamond-pearl,,https://cdn.pokedb.org/8a5882bed7f75c8b98f00ab8806dae0b7b2ab1ef610a8545b0cf4416cfb5521a
7,name_plate,firered-leafgreen,,https://cdn.pokedb.org/d31b2d602dfbb3240c2844a657b5ea97c8f0ddb5655d9e41afcded2f9958b877
7,name_plate,platinum,,https://cdn.pokedb.org/c361e8b8cee2b2aa85854e2f6a2eb6b6f6d4de8348bf2e7e1333c77b547e9b30
7,name_plate,ruby-sapphire,,https://cdn.pokedb.org/abddc23d24fec2b264b12ad75dbaeca13a7ccc745d778f6948627a4e05d18802
7,name_plate,sun-moon,,https://cdn.pokedb.org/1ff102ed98f1b7d5552cef640bb2d38fef6d19edcd4ec202914e58eb016fe40f
7,name_plate,stadium-2,,https://cdn.pokedb.org/cd8e6023eb0acdbb548c67c360424a11a1e22ff40f3eebc0715abf84a7ff93fa
7,name_plate,stadium,,https://cdn.pokedb.org/cc6c54b40525cd95643ec37f9c48143cf090b924744363f372307a49d4a4287e
7,name_plate,xd,,https://cdn.pokedb.org/a3f87178ad011c6a3a2e4a216716bdc7b1cd25735503e971a88cf4feb3cbdae2
7,name_plate,x-y,,https://cdn.pokedb.org/87c82f19fd45d0c8ec9dacee2b2157964bd113510c5dedd872a8bc7820bd8196
8,icon,ranger,,https://cdn.pokedb.org/9cca95067a39ef85fb8e84b0021b24c6e5d9c55828c6c07db99195363753cf59
8,icon,tretta,,https://cdn.pokedb.org/6d19a2f13f9d6a0839f9af102bc8b58a39141d90a37223cbb8c1a03e3a5db371
8,icon,battrio,,https://cdn.pokedb.org/3747d0e8a5a1ab73f701285f0cf2cbe49fb2de8b9bcdf8606fe65ca74203a4f1
8,icon,quest,,https://cdn.pokedb.org/662eb8a07915d786afd520323a867de169772983c2eb276bb44b05497c472d8d
8,icon,masters-ex,,https://cdn.pokedb.org/cf400c1ba12eaaf6446e2ba911d75f67da9e9121bf9e8cb96c12a9af50985d9f
8,icon,rumble-rush,,https://cdn.pokedb.org/de82c990e41510c28376e1f812e8f98d56fb18c5f72f34c69f380ca47c52c6f4
8,icon,mezastar,,https://cdn.pokedb.org/e5f1b5917110eed088e607184a1ec4a4359f5be95e691089c2a5e1f6793e32b2
8,icon,rescue-team-dx,,https://cdn.pokedb.org/cf933707ca5b82fafb9d2b1f501ee1126206bea29f2f77be8a88082d9c2553e1
8,icon,sleep,,https://cdn.pokedb.org/b1b11c0e24c727d79767e8dad6a7c2df3e29f3cc1a64aa6a91c88efb7ece4b77
8,icon,,Tera Gem icon,https://cdn.pokedb.org/e34268d131f97f3bd6ebe7af82e184146ca934f3e457c68b496c27e15f5763f6
8,icon,sword-shield,,https://cdn.pokedb.org/1302bd56451e777600d31dc7e51caca58a7e3b089d9c5bdb3cbb920fd28030f8
8,icon,brilliant-diamond-shining-pearl,,https://cdn.pokedb.org/03fe8300e4948463633e0a6d9d353b6b24ecc90e9e5319f528fadeb49c90ad72
8,icon,go,,https://cdn.pokedb.org/f2e61e3016aac479fb1287cdde348c1aa750801eee00da9a6228ffc8e9b74ce1
8,icon,home,,https://cdn.pokedb.org/301ebb20b169afa687f7b29ee341997ac8f6e3047fc49715c14173c6a6332bda
8,icon,stadium-jp-website,,https://cdn.pokedb.org/7d721c0cc25a0f106061219ca85b30fed2e3041a56cde85175eb0a7c3d6f3945
8,name_plate,diamond-pearl,,https://cdn.pokedb.org/730835c44d4b37c6cc7146e37a9797c6801a077182eafa2cd60b77f3a39c58d6
8,name_plate,sun-moon,,https://cdn.pokedb.org/ff87c178b1d7daff6316238df42552ff538380c56ab9c89ca5ff59d1bdd3efdc
8,name_plate,x-y,,https://cdn.pokedb.org/76da0df1461b47438d7837463d83f75802af86822c28fb4032444d258f8782a9
8,name_plate,firered-leafgreen,,https://cdn.pokedb.org/bce3bb1a8022417953ca5795391a87de2d284bc02dc398622e2864f5fba3c157
8,name_plate,platinum,,https://cdn.pokedb.org/9c17453d95e5886d6b035db955fd41993d7beef95f7eb282a1e531664de86515
8,name_plate,stadium,,https://cdn.pokedb.org/6ffa76ed7d37c4a5508404b3aa48b45eeec41132f7953e81d8c1c83535e5c99c
8,name_plate,colosseum,,https://cdn.pokedb.org/d6bd69a2f720da7b6c3252a4cd4fc8000dbc90df74ffa3d6724a76a7cb04bbb3
8,name_plate,xd,,https://cdn.pokedb.org/cd69dca2f0dc17cc5cc8c7378744614258e3e59d0032083e4a0cbc89150d375a
8,name_plate,black-white,,https://cdn.pokedb.org/61d4c8d6014da6ffa9f49d26931387b83c4f43669fd5b3fde663da171fc17370
8,name_plate,battle-revolution,,https://cdn.pokedb.org/d580847dfde28210c73aab6dab50cc9b61ff617d323a028e5b44133d141e80e3
8,name_plate,ruby-sapphire,,https://cdn.pokedb.org/92f0e7946f5ec3a3148b4d3d42fd1f51a14459651c2d7d20bc46a4d13ad27b1f
8,name_plate,stadium-2,,https://cdn.pokedb.org/c3c82a9d1f437f8a7e0a766f980a2a45cb6130f321d9bdf5367386e06ec61454
9,icon,,TCG icon 3,https://cdn.pokedb.org/3ff2a0a8deb7c52e4a7d5e0b927d7b378644f474b37aead61a6fcf07d6404174
9,icon,new-snap,,https://cdn.pokedb.org/1512795602273ce9591179742bcc5b6e64c1003ba801ec768d7b192b91c4c41a
9,icon,tretta,,https://cdn.pokedb.org/88dd8b274bb22a60564c0d1f494b55cfbbdd3a12f99a995c1a4359bc9a80419a
9,icon,home,,https://cdn.pokedb.org/16c4b7f6feaec8966e8343e0dfecd37c13bdb298122f4a6250d0a2128037a7d8
9,icon,quest,,https://cdn.pokedb.org/8815cad5fadd838b933b92b395c08f1377749ba50de4717e576408ed3f355162
9,icon,brilliant-diamond-shining-pearl,,https://cdn.pokedb.org/7a86fd5a74c5382b4931040de24bd7a9a178a5d6ddba62b42ec90febe042792d
9,icon,,TCG icon 1,https://cdn.pokedb.org/3dee924b77d1570eca61eaed042ad0a25c0f10be25dd71c95f6a98f8cb746ee6
9,icon,mezastar,,https://cdn.pokedb.org/772b81340d02a459e90605c1fdbfdc18e141339a0e2d200263889eb10690b479
9,icon,sleep,,https://cdn.pokedb.org/dc73c334f093067db9da6c3dac046b8169cc261f56045baf51a383c6c4791da5
9,icon,go,,https://cdn.pokedb.org/e6db021261f4f2af0f2a1e8ec3242cba907fb6a86826ec9cfa9101d199131a44
9,icon,ranger,,https://cdn.pokedb.org/d107edbce9624566d8db9c84b8cd41386d8a4087f3e81f218e14ac84fca23330
9,icon,,Tera Gem icon,https://cdn.pokedb.org/104559eca4f2bc65f0d6b94e91b95e51e916709bd59702874167c02a66bc6a40
9,icon,battrio,,https://cdn.pokedb.org/19d3fea976a8f16bb244caf76866cd99c0ec104d57b5b16cc5f5d779bc81fba9
9,icon,masters-ex,,https://cdn.pokedb.org/37956dc656587a11c794505682bd79313d1b0828ff5ccfab852252be0f4f5445
9,icon,,TCG icon 2,https://cdn.pokedb.org/015f0ce039f061aee2b93553641100f6dac316a639ec14dcfc235a02b8631b33
9,icon,rescue-team-dx,,https://cdn.pokedb.org/f2fec2518432d5f4d867c4a9382050f5bf2bea344587d6901250e7ace0d9036e
9,icon,rumble-rush,,https://cdn.pokedb.org/2ed2cf98d116f0d5c0466554ec9ffa4d9deff07e4df0568d35f44c12607eacab
9,icon,sword-shield,,https://cdn.pokedb.org/59b1829e9e7a913132c357f7934712a3edd730518a94332ae9b8d0598295088c
9,name_plate,colosseum,,https://cdn.pokedb.org/707c5aa86b137bcfcaed4b8f5a1818138035605c15bd461cb6ecf15ebc34d770
9,name_plate,battle-revolution,,https://cdn.pokedb.org/0bfcaeadbe47bca1c255b7e2df12fb24041bed219454712953f7206eb03778b4
9,name_plate,sun-moon,,https://cdn.pokedb.org/e42cc6f7cbfdf108576115ef6bd920925a8b9029bf6f2e8603cc7d644e7709d6
9,name_plate,diamond-pearl,,https://cdn.pokedb.org/355340ebe19397d637f2092dfbbd64ebf8f5ea9b8627062974ebad723c067b84
9,name_plate,x-y,,https://cdn.pokedb.org/2ade7a58f5c7fcef1ad9281c302d990a9c15b66078492733fd14424914ce9b6d
9,name_plate,ruby-sapphire,,https://cdn.pokedb.org/d455da800304e1e5d02cf912fe81931e5455bb60b680143ba1d80b34de7a8f75
9,name_plate,stadium-2,,https://cdn.pokedb.org/519f00c0c95ae032a710e6e95c316d30e4c2bb6043107632d713c6dea7de151b
9,name_plate,xd,,https://cdn.pokedb.org/21fe442f24696f634ef280f50f2120ffe4c1467696d81e2cc6d53b4112e95ecb
9,name_plate,platinum,,https://cdn.pokedb.org/8dc41f114f729ee5d8588cec3790e98b91e21d1e2ef4f2cdeb54bed2f2b16b86
9,name_plate,black-white,,https://cdn.pokedb.org/ffad6cf582a2071d868276ca6773ba6edfebe19ed418291d9c96a002e920d5a3
9,name_plate,firered-leafgreen,,https://cdn.pokedb.org/0a01fa2aeceb2cb7b075bfc235efe6ddcd2aaccca3a911745a4302a88e234825
10,icon,,TCG (GB) icon,https://cdn.pokedb.org/ac08f7919e3e9d4c88d1649139396e3f188d424af31b6f7b1705a7fb456ae5b8
10,icon,stadium-jp-website,,https://cdn.pokedb.org/bc6462defd26b3175a84f773775636e43cac6a2bed3ba1aadd65d425f4484d21
10,icon,masters-ex,,https://cdn.pokedb.org/ac747bd0dc472f22a4934721c624e48af696498492d35ab8d77f593ced0a5b0d
10,icon,,TCG icon 1,https://cdn.pokedb.org/46e52a10d7c4e27cc087750cbff5935883294c74520ac7cf87e08cfca6c87416
10,icon,mezastar,,https://cdn.pokedb.org/f2609b7d7786789057a91e7263dd25d1d9c71a27ec57407fd587976e8645ba13
10,icon,,Tera Gem icon,https://cdn.pokedb.org/fdefb274b0530a0bf92d500d928d9cecf2eaab03e55824ef644e42bffff0c835
10,icon,battrio,,https://cdn.pokedb.org/91563f1f6b37b49affe5c6a42bdd5780b07313903702f68e45ec10d0ff0e2c0b
10,icon,sleep,,https://cdn.pokedb.org/838538eaf824f860cbd40100183fce77c603e5768dfe30d6ed750a3ac05d463e
10,icon,go,,https://cdn.pokedb.org/86085558c13692078f56fe53f095a9a8b11cdb71946ef20c378eec682e08d4f2
10,icon,rumble-rush,,https://cdn.pokedb.org/5458e2fe771dd85bf19c1bef6f363215391852d654974463c1ef45730d2eff6a
10,icon,ranger,,https://cdn.pokedb.org/a3345c9dbeaac8d57efc75e011d4cd83d4d28fafe69394c969f9f2c0943e6982
10,icon,sword-shield,,https://cdn.pokedb.org/bc88267cf5a6595abed925a791197f885af21413d1eff1e27d8fad51eb9bfe95
10,icon,brilliant-diamond-shining-pearl,,https://cdn.pokedb.org/559cfe67c71f6f1b178bec1b0f4e79923c5c0768977edf5d4987862c9f737b4d
10,icon,home,,https://cdn.pokedb.org/3e849bc1b94b7a29ad5b5fac20ec956a43cf97852b957a95d5ea042a7dc0d7b0
10,icon,rescue-team-dx,,https://cdn.pokedb.org/174c6e1628d3cdb944ee2be29d6f91a52356b6bd887895f2927bb5c7fb2b4157
10,icon,,TCG icon 2,https://cdn.pokedb.org/0ee454b7839e9e018fb72153c255111af86ddbcebdff1b557b9a2cc586170963
10,icon,tretta,,https://cdn.pokedb.org/24d2fa00dbb4c5b5e69340381f973cc395ae4812dc0eb3abdf72b8ca7ec474c5
10,icon,quest,,https://cdn.pokedb.org/7483ee95df7cc4556ca3cb0f7d0c9141863580938be12fba2fac41981f38a0f7
10,name_plate,stadium,,https://cdn.pokedb.org/9f330df74716b246f4643f29aa10e4229d5a4178d3b033ffd17c74fcb78f0a72
10,name_plate,black-white,,https://cdn.pokedb.org/f8129b255b74acaf624daaa994a2cf95f6c0a8629ccc7a079db3d2a366ec4d0d
10,name_plate,battle-revolution,,https://cdn.pokedb.org/d0554b689ee615957bcafe8af5fcc62acd98f046c2eb52503ae81c98bbcf6308
10,name_plate,firered-leafgreen,,https://cdn.pokedb.org/cdf007ac22d6ae60e562b3e45c9b4e28572cacad792478a788d081eeaee16df3
10,name_plate,sun-moon,,https://cdn.pokedb.org/85e7fa26bb0184834efff568920b086f248d684da4fed51ac9100b5b46c05b42
10,name_plate,xd,,https://cdn.pokedb.org/9a44ae9694086853f54ec4c9a18e1c642c9aeb062480073fcc288248796ac387
10,name_plate,stadium-2,,https://cdn.pokedb.org/8dd5689f067c39a19294f067d3fe833ae0cb00166d4662226a0cee9cc509d3fc
10,name_plate,ruby-sapphire,,https://cdn.pokedb.org/c8ccd57e98c2edba173934181e5853ba4615b63966f2aaa8d50f6fcfefc7e6c5
10,name_plate,diamond-pearl,,https://cdn.pokedb.org/4eaa8d154c13491ebc5a8deb2b2865a592908d6e3540eb0f94f93cba701f7a9f
10,name_plate,x-y,,https://cdn.pokedb.org/0dcd90159ad50398515979e821fc08f6f2aa2565be8e95aed90ddaa5356fd1e1
10,name_plate,platinum,,https://cdn.pokedb.org/0ed52ca5636f94767fca7020f51b02a4f0f3bb566dc15070a2ca424d5bab73a0
10,name_plate,colosseum,,https://cdn.pokedb.org/2f2cc18cb34fa8d39eca283de9f272b348f0724bdc9a55194a1749e5bb548ed9
11,icon,ranger,,https://cdn.pokedb.org/9c0f7260cd1a5db48ef46a0c83dc3c7f77b956366f0d139151f1725e51f9011f
11,icon,,Tera Gem icon,https://cdn.pokedb.org/4389cc5de12e97eaad873505f2e73c2b53dd8605e5d724308c4c9744866d68fd
11,icon,tretta,,https://cdn.pokedb.org/34e5069ae50eb70d01b3db353a8d3cebe504fa00d92af0dbcaef8b5bff93ea97
11,icon,,TCG (GB) icon,https://cdn.pokedb.org/cc3cd7473520a7e914da5266ea8382e357366353695d813dbb9720fe9f454451
11,icon,masters-ex,,https://cdn.pokedb.org/765dd192fd12da4f1d7679c27a072cc4d0d7c3b7af23dc06e04cfeb091a27d8c
11,icon,mezastar,,https://cdn.pokedb.org/a14aea75dd097a298d0e0b37b100a8fa4ae9d792f8b0cc773a886c7df636d669
11,icon,sword-shield,,https://cdn.pokedb.org/aa99f1153b8f5727f37488f4a4ad022374f0bd3c2e4b90fb8be659b00cf1a0b6
11,icon,sleep,,https://cdn.pokedb.org/e3185b4a35354bbd721ba044aefe75f0f5ac317add26dc411b9cd0742c7c7753
11,icon,brilliant-diamond-shining-pearl,,https://cdn.pokedb.org/8f4456b30e59bee1af00db33216ef7483b6f27d736a649858ee00e54c0bd76ab
11,icon,rescue-team-dx,,https://cdn.pokedb.org/1cd5197ae096206b3a9d116578e490ff72c0dd931e390611faed50520f8ca23f
11,icon,,TCG icon 2,https://cdn.pokedb.org/4ae7b267bcfe7b63201d5ac8928faaea906a88b04069426def8a9eccf553cb70
11,icon,go,,https://cdn.pokedb.org/722ad9d4e81ec687c36693d7f714707cb7df90ecb930c5300b0bb50a41accf14
11,icon,battrio,,https://cdn.pokedb.org/d00214c407a7e6bb9011279976bd6d95df42346fc81b75be5fced2f63b08bf3f
11,icon,rumble-rush,,https://cdn.pokedb.org/eee2e10df15779758f63feab09974c079718b8162203ce191d6c4b3714c5ba42
11,icon,,TCG icon 1,https://cdn.pokedb.org/c2ce20b294eb126b76f7392890ab08a35d05abd352cadff22715f84023387f09
11,icon,quest,,https://cdn.pokedb.org/318fa585bf0fde5cf58f1a163c71c31125ecf92e698f1d3c5f1e455968f33e97
11,icon,home,,https://cdn.pokedb.org/afb0b057a610fa7052674a8f60e3d70b70cba1daaff2769836031af23fc689eb
11,icon,stadium-jp-website,,https://cdn.pokedb.org/c69fe20b2678af261d0a4f31f8d6e72c1774cd1f784e00d1198117fd73d6db29
11,name_plate,colosseum,,https://cdn.pokedb.org/fc1f7915c9f6a5c5a810afa382e7095529665d9d495a912fb29df454b3534123
11,name_plate,stadium,,https://cdn.pokedb.org/6423e40dcad14c361564d623725c7049979fd94dd5b9c87f9f5b1cc70df1be5c
11,name_plate,sun-moon,,https://cdn.pokedb.org/6e313b8117b4379062e9d68782fc11965447a01aa60e960ea3c2f69a1bf823c0
11,name_plate,black-white,,https://cdn.pokedb.org/a075b27ea8b2a9b719925f6640c78a0edea843e9dd4ab0d3c0e1c2d74328b4b1
11,name_plate,battle-revolution,,https://cdn.pokedb.org/7cf91242341ed70de00882edffd952b1e7c0da775d16cc43bbc35f2be0ae428a
11,name_plate,diamond-pearl,,https://cdn.pokedb.org/b7934ee3728d23493765059760bba7a3d0b36bfdc6316545933fab625a16215e
11,name_plate,platinum,,https://cdn.pokedb.org/bdd576893a9daf6dbf09315189957de8279425b3f8d010e0b0f92974cd77cdfa
11,name_plate,stadium-2,,https://cdn.pokedb.org/42dc9567a58fae9a1e24153205a301e0d7eda108b9c1eb6a6917fe0594484f7c
11,name_plate,xd,,https://cdn.pokedb.org/208c10cb6c8163aa1e69e76a2de383427b3a3150c59258c1f4dd7c4fdcd29875
11,name_plate,ruby-sapphire,,https://cdn.pokedb.org/bcf943640853cb4b656cddb5eee2b96869ad69e86be64f5206d9abff93e5823e
11,name_plate,firered-leafgreen,,https://cdn.pokedb.org/c1212bc94860120a28f4a7de60e8c3922fe8cff0363b4620c08ed9983d2ef0d9
11,name_plate,x-y,,https://cdn.pokedb.org/e5cb5067507ba2df7ed8e18b28e869a1bea49e62d8f585ea9bebff8fd2f80fb5
12,icon,mezastar,,https://cdn.pokedb.org/4625a1f1f2f74fc9def2efef877a9299c57487f2afa4e256186935a31c4bba55
12,icon,masters-ex,,https://cdn.pokedb.org/602421c6536437c64b4cdaaa0c425edb23dc0e6583b08fcc4fb8805ec87d300b
12,icon,new-snap,,https://cdn.pokedb.org/b2329e95bf6747ea1145c664737c96211f8e3c6fe1425d3892b76ae5b89466b3
12,icon,quest,,https://cdn.pokedb.org/e54c1c09658e6f59ccce765ea38d436801eaf8e15dc1f1eca6cfe48ff6c5c93d
12,icon,tretta,,https://cdn.pokedb.org/54bc597de3d77e9def03de20817ec2b963985ed38ae910f3eb8223ca6e3e7a6f
12,icon,home,,https://cdn.pokedb.org/951dc4aec70983b499ea5fea3a0ac7cd8d2ed490df6b5a519415660cb573fd94
12,icon,ranger,,https://cdn.pokedb.org/380b4c204578ac4a20f0f9f1fc3be4a9227c0f0e50babcea4728cc2312d1c8e5
12,icon,battrio,,https://cdn.pokedb.org/0eb2e31edf97740e18a8a443e60395c90320365364c4d9945917978ec8a27c40
12,icon,,Tera Gem icon,https://cdn.pokedb.org/fc69f0a49559a9d6d12990e28c769a59f74918d0c77b66433adf178f75465574
12,icon,rescue-team-dx,,https://cdn.pokedb.org/b87cbd37bd3a2e0f429a5efab9e6370d959c4ad90c4b8e9f7f79e00816018983
12,icon,go,,https://cdn.pokedb.org/9a46e6771c4fee397c9f9deb8e249b2b66761db204ba50f358993b94562f15c4
12,icon,,TCG icon 2,https://cdn.pokedb.org/2da2903f2b0d8fe6e887af6243b39b64d078fb41a4a69fbcd7a5cfc084e0e007
12,icon,,TCG icon 1,https://cdn.pokedb.org/01508c7fb1937b08e20a8abc9d37220db92bd2d509f8c964601d2471954a64e7
12,icon,brilliant-diamond-shining-pearl,,https://cdn.pokedb.org/fc7b3ab55b3b721610e5d1ba5346cd5f036ec36b70cf1a5640987f6cb887d68e
12,icon,,TCG (GB) icon,https://cdn.pokedb.org/bcf3d413657b2bc6880cf75d263ab3858d34659fe509fdb0bc656806e3a60a40
12,icon,rumble-rush,,https://cdn.pokedb.org/e64ac2bb0d4984122a84d752ed91550d1c68252833a23b17816a3da5dc59d436
12,icon,sword-shield,,https://cdn.pokedb.org/8c5ea674ef793aca3a440b5b214d1594f866fc3781c7b4bef7003401f263b9da
12,icon,sleep,,https://cdn.pokedb.org/f94cc6c82f1c7c35f5798db21d200d9f42fb3541c2b5dcbd7f635436dbb07181
12,icon,stadium-jp-website,,https://cdn.pokedb.org/4744fe564beea97a8a8c17d8e868524013e7009a0ac5d5cc0ec2a5353f8d6608
12,name_plate,black-white,,https://cdn.pokedb.org/fdf0cfb3c2c46386b46d8903833d6aa133b1c68b34f03bab59b440afbd59d959
12,name_plate,firered-leafgreen,,https://cdn.pokedb.org/95e15c9823618b578432c70491f4422864b3bed4518ba5779d35311abf4a23c8
12,name_plate,stadium-2,,https://cdn.pokedb.org/d4942eeedbcfa2600e8d01a742f89393edacbe028c14aae97d0fcbc879ecd074
12,name_plate,ruby-sapphire,,https://cdn.pokedb.org/112000f85f8f9bbf94af4e8c0cfa6497dddf63acddde97ab3f4be446e0d44f9f
12,name_plate,xd,,https://cdn.pokedb.org/b1451f2e0da5072487d157b880cfc385c411178f8ab37598253bbe922fbdfc63
12,name_plate,battle-revolution,,https://cdn.pokedb.org/b7e8380879ef47637fdc4f954603b49444cf09117d0a8b26a3c6f290d2e7a929
12,name_plate,platinum,,https://cdn.pokedb.org/a59ec45fbd27dde3abacbc7dccd08fcbd91294f197ed9a5384af3f33f9a12a0e
12,name_plate,x-y,,https://cdn.pokedb.org/b9366e8d8f956bd3b65658705625680fa10ba82245e20fe1ffe2634c7b812e06
12,name_plate,sun-moon,,https://cdn.pokedb.org/3f8c86cb9375f66cab0c2b8b8cb264a809b2ae2d4fc349e1f844088337b382dd
12,name_plate,diamond-pearl,,https://cdn.pokedb.org/5373e75368b6c56e4473aa9b0805882542a9339f5fab0c8979d0553a9bae3064
12,name_plate,colosseum,,https://cdn.pokedb.org/01f9274b74a886ac8d61d37931fb1a0aad03a376b899dde5163631490ab41c0c
12,name_plate,stadium,,https://cdn.pokedb.org/7c8904049aa73035c422e4af65562cf71bdda159d4b4cf1c5e93e95f5c9b7843
13,icon,new-snap,,https://cdn.pokedb.org/6fff3ea41bc5661fe1b595282b7a99e8338fd51f4a0f21c518bb16265b444a55
13,icon,mezastar,,https://cdn.pokedb.org/582eff770300dca266cfc0ca994b38fd785326fa26d9e387ae9edb1b191cd376
13,icon,quest,,https://cdn.pokedb.org/043a071d49a43cba27179ec79c17d2062404f9dcba84e81fa6db88107190e8bc
13,icon,masters-ex,,https://cdn.pokedb.org/1d901e3b9c39e2e8e6cc65aa3ee81e99d528c7c5c9370c13272bc047aed9fed0
13,icon,ranger,,https://cdn.pokedb.org/20880b90ddcb749f973465f9634c8df8cc812d671910e700580142a3778cc3a3
13,icon,home,,https://cdn.pokedb.org/e3f20bb69de68e21ff837e1f9ade307f158aabad98a4780af93c6696784b5bc2
13,icon,rescue-team-dx,,https://cdn.pokedb.org/4e9d3436e41637f5d29727f95b338208b1394defd641807b4a0b087c3c2d29d6
13,icon,go,,https://cdn.pokedb.org/b2e4ba9abd51615ff5b5e891eebab0f85363fbbbabd0b830b8b95908d586abad
13,icon,rumble-rush,,https://cdn.pokedb.org/ff73f52cb820b2bfd3ad176b26a28993ea1d42a8b72abbd1be12e4386e4aa2c7
13,icon,sleep,,https://cdn.pokedb.org/d07c19027ad71055b8ecfd10a12300bbecd2ec9c7771eb5758a6570bda7f5cd6
13,icon,stadium-jp-website,,https://cdn.pokedb.org/e8e7fb359c91a5500969d048c565b18e7e98cd2af626abbf2f34dc9181cca018
13,icon,sword-shield,,https://cdn.pokedb.org/ad485291240f03c49581f5b85b5dca6dea9ff23ede045bee9c598a77e1aff5ed
13,icon,,TCG (GB) icon,https://cdn.pokedb.org/f185d63245dbdff9a37962d3359939e7dcf08dac538f3fe86974c740cc6bd2de
13,icon,,TCG icon 1,https://cdn.pokedb.org/9527eaca4abd9fc8e502fd3db55c78f2fd4f0025a39a9d6ccff7deb4a590c6bd
13,icon,,TCG icon 2,https://cdn.pokedb.org/fa54682b274f5129520904403de5c8d39a0e436d10b3eff9551c9942a076a6bc
13,icon,,TCG icon 3,https://cdn.pokedb.org/c1ba8b090422b9a06097f2bb2f0e3831c5e2c4d4052593488aaf290a81de43dc
13,icon,,Tera Gem icon,https://cdn.pokedb.org/2ed69a5109e2b272d7f7eda32027cd4e332da685184e50a20f4c0f750dd7e4e3
13,icon,brilliant-diamond-shining-pearl,,https://cdn.pokedb.org/0d064f0e2279eb00f8abd6c8a7fea0ac4effd77ca7b42d10ad0076bef14a5d08
13,icon,tretta,,https://cdn.pokedb.org/c3e226fd1962e332bb21b86ad7041bdda3150b03f204cb07be0e54b88e2078ba
13,icon,battrio,,https://cdn.pokedb.org/8c93b457f3047c3620bb2cb19cfad26457f8376b9b412e7777754cb15a5e4ede
13,name_plate,firered-leafgreen,,https://cdn.pokedb.org/53459bf6f3d1ba9e57e7fda41b1c026d3205a7f60d54920510ac1ed411449fe5
13,name_plate,xd,,https://cdn.pokedb.org/2a8fec31ec39a6ea8a6d7c36c293f6126ce7a38fd37225a9870e989dbf36f8f2
13,name_plate,sun-moon,,https://cdn.pokedb.org/cc887d16166acc511f2536da8a95cc865ea3ba7ce69aa7b6012d968e750a4ab2
13,name_plate,black-white,,https://cdn.pokedb.org/c3fd93c88de974ebde2c011263b569f3b77fd19f899f350e7455e761c815e023
13,name_plate,ruby-sapphire,,https://cdn.pokedb.org/6b6cd82bb77f0f4489c69eba52e8f80ce88467cd17cbc4d261b31cdde5173c11
13,name_plate,colosseum,,https://cdn.pokedb.org/e07dc4bbb0950062a2315fabbdabe5b64553bd6dd0f8f67c0b5ca5287ed5b6c9
13,name_plate,stadium-2,,https://cdn.pokedb.org/b15aa6c068e15bf95237fe1f5566039f7b9b6bafacc101f469dac712117d8f26
13,name_plate,platinum,,https://cdn.pokedb.org/73db2dd169390cf7cf701723830e0989f8ab93bd66d9a69e3df59c75be3b52d6
13,name_plate,x-y,,https://cdn.pokedb.org/80e946962f25636bf158f5f1bcae3161491afb24bed0b4d13efc3a0bf95f6515
13,name_plate,stadium,,https://cdn.pokedb.org/d3e851274312a53a79c5a6e4b4ec1406fdf5ea699f58760c016b35580769ad32
13,name_plate,diamond-pearl,,https://cdn.pokedb.org/f8ff541a5b71dfa3e9a8854d6cebc739e278c88bd2c32f78ed68c8f14352f7e9
13,name_plate,battle-revolution,,https://cdn.pokedb.org/cc8f2ccf68740cbc39d1435a3fac57a52845c39b360e825905c463252f71e15c
14,icon,,TCG (GB) icon,https://cdn.pokedb.org/31943d728048d83512783d002beade08e3761ef0ed3fa6ae2ffd3b286e8f5ff1
14,icon,go,,https://cdn.pokedb.org/57686c41e957d894eff90a46ab3052915e1d35cb01b2312eea0536eb028ed7d6
14,icon,stadium-jp-website,,https://cdn.pokedb.org/9aefdd0247e7a5c00fabd061b127122672fea40d2064b6d1f795ca4f205c3a26
14,icon,,Tera Gem icon,https://cdn.pokedb.org/6a874c5fceffe199e5ba18a118aa13e1452d640a751848d99f3f29d3d1e57198
14,icon,new-snap,,https://cdn.pokedb.org/42664b532ca6c72d2649735f2f2a95e67dc96ba7d6ab2124d90f3590fb011f71
14,icon,,TCG icon 2,https://cdn.pokedb.org/8377e1c0e7c7384eaced8084c13d57df7c435dc3ff365a1552a107ffd34ffa1d
14,icon,masters-ex,,https://cdn.pokedb.org/4936fcd7f0b21f8adb5a24d164755211690af7e14164d045258b187750337ef6
14,icon,sword-shield,,https://cdn.pokedb.org/57339b48e787096daa8605a712d950554c07ee962d498f7044c021d895ff9ac0
14,icon,rescue-team-dx,,https://cdn.pokedb.org/18f9b97a447a962ba0ecd6748f270629d70fb2052cf0f55774884783caed19ed
14,icon,mezastar,,https://cdn.pokedb.org/11713d1113619ca5bbcadcad1e1741f13f51c37398940091a29cf034cd614530
14,icon,rumble-rush,,https://cdn.pokedb.org/c6a7999d03310647f7c443ad12ff2679c749f229725ea239144a50f02177ea65
14,icon,home,,https://cdn.pokedb.org/ec0f383847805c050baacbc39845a966d4b28ea95987e2562a2eeb296f6c70c1
14,icon,brilliant-diamond-shining-pearl,,https://cdn.pokedb.org/4f4ff0602124062ee22cc3dd8da91ba8216e03f420bb7620a28ebf238e05bc29
14,icon,ranger,,https://cdn.pokedb.org/82854d50ba2235531aefc9059529a84b6cd9a2b308835034c5e3925e7040db60
14,icon,tretta,,https://cdn.pokedb.org/de4fb69cfd8762e45cb8ea5a779a246f666d01855eafd5507bcc6529ae9af0f0
14,icon,quest,,https://cdn.pokedb.org/bc52a38e90d44246827d463fd47275adf2afd7363dc54fd9835c5fd52a9192b4
14,icon,sleep,,https://cdn.pokedb.org/cbe8104c5a76d2e80c31699b4f05ff985d5d23bdbf6bc4584a9bf884c13a7353
14,icon,battrio,,https://cdn.pokedb.org/854873f68b4f1efbf3e9d02016b4cbd3463994703da9a0d8fd01f1e70c4cf616
14,icon,,TCG icon 1,https://cdn.pokedb.org/8d607d27a9aa2cc31f347debdf4338609899f5ad5369609c9fba0a020eba36a6
14,name_plate,diamond-pearl,,https://cdn.pokedb.org/53856e4800afc5b97842dd11b47224c8fb21292a55a6977620c5d5b4482b1603
14,name_plate,colosseum,,https://cdn.pokedb.org/aef9777138aa0b8c56c217d094bdb1be4d1d61735c3d01a6a7b27e56d780f1cc
14,name_plate,stadium-2,,https://cdn.pokedb.org/ec1b16b3c1b921ac30cb65a633b5ea9d24d3f30ac04f4a84a74de8887e6e6e6f
14,name_plate,x-y,,https://cdn.pokedb.org/dfbf73ec75bf6e1144b5eed881713c02ea93e001c227628647079c54b9bf8043
14,name_plate,platinum,,https://cdn.pokedb.org/db0962a45dd625815e0d9ed762ca02b7aead6f0767142b21d8a1a9de713e6bc2
14,name_plate,black-white,,https://cdn.pokedb.org/738c35d95115a015ec4a81a5e4f9804e1595569eab0bf7d731e360922cb77e88
14,name_plate,stadium,,https://cdn.pokedb.org/9806d7f19bbf4118c33d8227fa8eea57d69ce16a5cd720bf058bc5d0f6896808
14,name_plate,xd,,https://cdn.pokedb.org/073cf6b473c9afbedd07be0e2fddf2a95b366bdf9bd27871acf1277655be359a
14,name_plate,battle-revolution,,https://cdn.pokedb.org/e4396b7cf8d5733f5c7c18905e01a085bdea7c87deb285534f4f414bf9c873de
14,name_plate,sun-moon,,https://cdn.pokedb.org/238c3f0db98b719c9b0c5f5f7068c203e013d686ba8d335c6e626ad98697743a
14,name_plate,firered-leafgreen,,https://cdn.pokedb.org/5a9ac816237ba46de059aa1225096bacaf1f330fbe126c7a04319a0ea968eca7
14,name_plate,ruby-sapphire,,https://cdn.pokedb.org/c5b1ededbf787234815ddba302ec39cd0126ef65b0ab5947da4bca6408ce7642
15,icon,masters-ex,,https://cdn.pokedb.org/ce0dc719b10f9da5f1e8db83df7fe5eac100bebaa278376721a52d9e028b20e4
15,icon,tretta,,https://cdn.pokedb.org/1a41f1275ee1b3779224b185fd27c839dfde8e23aad950167ee2bad616c59699
15,icon,mezastar,,https://cdn.pokedb.org/af8519da80cdb5313b82c06cbfd3679753f5ec9180c6b075a7e74795c0ed9d79
15,icon,sword-shield,,https://cdn.pokedb.org/730063a55ac91e67b89541047352745d0de3530242a530367487f0b50e9b8272
15,icon,home,,https://cdn.pokedb.org/5eea2a568258282424c0b3c0259df8c083a8d92002bf4a8c33af41573cfeac94
15,icon,go,,https://cdn.pokedb.org/08e7b41192c522af12eb4d9c12306a5e9433318e5b1f46e8f1bc923add247b01
15,icon,ranger,,https://cdn.pokedb.org/e0e1d6b036cfd971daea761b8d5bc732b7a724d0fec9cbc4b79235e8ee8fccd1
15,icon,stadium-jp-website,,https://cdn.pokedb.org/721b6910174b025a1a67681a4489abf1f4710ffe7b65b0113ce6624c957083a9
15,icon,rumble-rush,,https://cdn.pokedb.org/623947dd7b0357e6420091a1630f9fc9871b52c36b6fd868d06db19506a895b7
15,icon,,Tera Gem icon,https://cdn.pokedb.org/014a6c32641552c9cdd3ed23f479462518d5fabbb0669a341aea320b886e11e0
15,icon,quest,,https://cdn.pokedb.org/8bee595f1ddb0e919ab4c47904c261e8c5952305914921b8d63907eba66fb209
15,icon,brilliant-diamond-shining-pearl,,https://cdn.pokedb.org/92b9000d24ecd6cc5558060bb6f315bf105606f7499e56aa5454efd88f87ea17
15,icon,rescue-team-dx,,https://cdn.pokedb.org/36153999b5036e0d410f04e644cabcaec5feed2fdb5281a695119521c4a0e278
15,icon,battrio,,https://cdn.pokedb.org/13e354cdc7e95e38f2ca459c389b559ebb52c2232d137da0f1e4b14fa4d17362
15,icon,sleep,,https://cdn.pokedb.org/cb4bfaedaecfd14517996c2d167b80bb1b050cbfc468c40aa440c97c98cc9932
15,icon,new-snap,,https://cdn.pokedb.org/fc79fcc6c2704d1db01ce23c16d933ae6442342a316d387363cf53a8d6f5866d
15,name_plate,colosseum,,https://cdn.pokedb.org/a541dcc8cf22ef85716270ea982b381b7797eb5430090c829a45e2e29902b3a5
15,name_plate,firered-leafgreen,,https://cdn.pokedb.org/1282631e653a6d15f86d812f525f9dfbb65deceedd289bb254ec4c7f7c86fc3c
15,name_plate,battle-revolution,,https://cdn.pokedb.org/f7c7dc1f965f05b4f66770cb524638748c2d9cf80936a111ffbba48310404f91
15,name_plate,black-white,,https://cdn.pokedb.org/fb51031ca6cafb9d33e9d00273e5a6f2cccbef21e6c5632ed2e364fa5cacbf3f
15,name_plate,x-y,,https://cdn.pokedb.org/c9180ab4034b25645b2dbe7b15fd6827b06c9be787b519ccf40426b689499277
15,name_plate,stadium,,https://cdn.pokedb.org/de7e6d06ec70b16e081c0090fab6527e573bf98c2f2b5f3ac91eec94d42e07cd
15,name_plate,sun-moon,,https://cdn.pokedb.org/7b02df98c0171d713bde74aa58caaf85e2a390891f0344922b5c6d53f576c0a0
15,name_plate,platinum,,https://cdn.pokedb.org/d6e27b6b9d001ab1ac1641ce424984e97f61575aafb2d134bcfa25ab1cb2684e
15,name_plate,stadium-2,,https://cdn.pokedb.org/6fdb36c21652ad98252965d536164f340392e7a34baefedbbf1f4287b9f63c1e
15,name_plate,diamond-pearl,,https://cdn.pokedb.org/534c4c707424926a6f15f28fe23e73bc4151d74d68f2558dfc1f4b2c3c41ec3b
15,name_plate,ruby-sapphire,,https://cdn.pokedb.org/d2ea9e83c17a20521350bd996de3e3f916f1bc66b50a7d4c3c98a66e121aad05
15,name_plate,xd,,https://cdn.pokedb.org/32a64c63af56e0c4407424c3fae96dca86f95dd60529e324efb7b8c0a5238669
16,icon,battrio,,https://cdn.pokedb.org/b3e259cc8d0999987b329389513db817eae33f0145fd8a6e1395727047f15e0f
16,icon,stadium-jp-website,,https://cdn.pokedb.org/34bd66427a337e38882d7960222e084af84734dad23bf4ff00a1c8ce6052da79
16,icon,sleep,,https://cdn.pokedb.org/e786644f92081807d1afebb3e81b9eeac807ff3e3a9ba9b183f83d314c356eba
16,icon,sword-shield,,https://cdn.pokedb.org/e4726b3df0260ad28cfe634e0b390ef8d642a60c391f921f102833340c9530de
16,icon,rumble-rush,,https://cdn.pokedb.org/0f1a7ab065a39101b1b033c4f415213f0f1c140e5cd8a90f564cc9905b3d52f5
16,icon,,TCG icon 1,https://cdn.pokedb.org/aac2a94bb1623576c305f3d9e92d97b04e1178c131cbfd857c83078ab6f454df
16,icon,go,,https://cdn.pokedb.org/31432e5e0c608029c4d719389aa36ead88729f3aa195e820c75f3610b1921a47
16,icon,,TCG icon 2,https://cdn.pokedb.org/e3518cded87ec67c84a2f2365ce51fa3bb46194f11af6ce83d5ffb65cc7a18b2
16,icon,,Tera Gem icon,https://cdn.pokedb.org/a2e52917d390399b7da47dccdfa6c5ec85bb698b35d9d8fd132db068610efd3e
16,icon,mezastar,,https://cdn.pokedb.org/bca09329af8c8890b2ebc55b955f669b8ec4791eebace58baead62cf4482ca04
16,icon,brilliant-diamond-shining-pearl,,https://cdn.pokedb.org/03f734bf9198bb918d2d167b981f20334df50038db01cad5098f12835ceeea57
16,icon,rescue-team-dx,,https://cdn.pokedb.org/1bcc7e256070467b87ba42cdecb9f1c1ce72cbb1120c414444b25f0b1a591fe7
16,icon,home,,https://cdn.pokedb.org/1ee64244e0dfd6733c4f0dee818036ab44a15181b5afa949e4fa88694d9ca081
16,icon,tretta,,https://cdn.pokedb.org/9c4e133a4c11572006233888356c56498f3d6801aeb0d6576a5cb96f125173d7
16,icon,ranger,,https://cdn.pokedb.org/83c8c9528fe6ae8e66293711b779ae16ca9b2fe43e03b30b21a9a72796245653
16,icon,masters-ex,,https://cdn.pokedb.org/cb69c3bf65f60f9ee08ca22f3a5244f4b2d9f83f32b228eb67fcb176c5c04300
16,icon,quest,,https://cdn.pokedb.org/539b90ad540ac09a3c4147863f9e5daef8f2432a0e2bec7ee2cbdf3fff0e0f0b
16,name_plate,stadium,,https://cdn.pokedb.org/62da950032df2fb7e034c2631dfff17ec7c838916768290bcfea2c7075490ac5
16,name_plate,diamond-pearl,,https://cdn.pokedb.org/873efff0d5e8c33277e4fe5d157eaa0ae76b5b426ad3f1f347de41ef999216a4
16,name_plate,colosseum,,https://cdn.pokedb.org/280f893396817979957cc1763bd3c0dd31548aa18627ba7c6af04f3191e31c62
16,name_plate,platinum,,https://cdn.pokedb.org/570e55eeaff2693e9d7861320fe0dc804322f3a0b8588f2f3c9ef0649a59e29c
16,name_plate,xd,,https://cdn.pokedb.org/6eae17ad391014b01422859acfa77b49af4ded5c4f9a331075505acff342e654
16,name_plate,x-y,,https://cdn.pokedb.org/2003cc3fa2551b623b3211327b54791adf89247df7a0a1e3df5d0e73c13c16f9
16,name_plate,black-white,,https://cdn.pokedb.org/6d71a6429fccdffd5f9d717732eb45a84aa1d83f7ad55d74f222f9aa23b6edbc
16,name_plate,sun-moon,,https://cdn.pokedb.org/0124887bf42579114957b7a73c537932fe2ea3f2ce2ed71f11674571e6b7632a
16,name_plate,ruby-sapphire,,https://cdn.pokedb.org/62cac6c8b1c4b0e470359f96de1813c01d09c0b90d4e5135ac86c1df0c465d37
16,name_plate,stadium-2,,https://cdn.pokedb.org/fce28bb8227a884a332ba61224708fc398f822764b47fad8583e3938e3e0f9a0
16,name_plate,battle-revolution,,https://cdn.pokedb.org/a3dbeec21265bd079acf1aeb4390bafb22fdd75a0a2fc9b70fd6fbe3cf5adbd2
16,name_plate,firered-leafgreen,,https://cdn.pokedb.org/8b646904ab7fe96758dd6a77179ed85e7124ac4ac42ac2c59fac2c58fc31ea9b
17,icon,,TCG icon 2,https://cdn.pokedb.org/cb693d0f12f6a32fa03087088cf82fa7ce61d98e63c326aefdc3ca6e1be7c9c1
17,icon,home,,https://cdn.pokedb.org/ef0ca2ec69b3e10102fcee56573c2c02808270655c9ddfc6606bc58e6b6a6b7e
17,icon,brilliant-diamond-shining-pearl,,https://cdn.pokedb.org/c1b16bc5d2d55bcfcbba31d4aff0275fcb0718e2021058a245364406398c7432
17,icon,go,,https://cdn.pokedb.org/fde3dcc75a020ca43ef020a645f68099506be0f6d3c1a6c17f011d47216b6629
17,icon,rescue-team-dx,,https://cdn.pokedb.org/359b3dad15a90f3b3298b421eca407df74038246604fa9cec0662bdc5927384c
17,icon,,TCG icon 1,https://cdn.pokedb.org/5a460b72fbcf8497976466be5351c39456fbccf308c5f5e51b56d9acac0a754a
17,icon,tretta,,https://cdn.pokedb.org/517fcd9bf00fcd26c9033689310a094abeea2abe00970f998c0786aa21cc143c
17,icon,rumble-rush,,https://cdn.pokedb.org/a3e5cfcc0da5f53f4df8232091010f3647f684ec15c665cd387ac5ff33416783
17,icon,ranger,,https://cdn.pokedb.org/972265f7f5b517f5625c477fac7a2bff59e8bc1d5d30c797b494886da7edf851
17,icon,sleep,,https://cdn.pokedb.org/f721f9f90ed238571391fb70eede845afa4c9058eb445831a8682b148a37de03
17,icon,masters-ex,,https://cdn.pokedb.org/b2b7d01ea2d55fa7641b4ba2c03761ac3e21e3f12694ddd369bb428366b2c8b1
17,icon,sword-shield,,https://cdn.pokedb.org/ab406f509a5cd22d6bc18b235809a7a330e7fa05fb527590801af05597ab57ac
17,icon,battrio,,https://cdn.pokedb.org/25b072cb39b1c41b66d546f492bea8b798a6a7f50baf0cde526cc7610033e87b
17,icon,quest,,https://cdn.pokedb.org/16b05707a3f50b45fb633363516a6d767a0c6862dd6e13939fae67c3377fad5f
17,icon,,TCG icon 3,https://cdn.pokedb.org/992ae51c4f2f3e33ea2f8d40f419b3289c1ca5469d65f3d08d51431992434910
17,icon,mezastar,,https://cdn.pokedb.org/13148b3203a9d5b2e673546bc37e3d674b4a183ce5212518ad14b78803bea8fa
17,icon,,Tera Gem icon,https://cdn.pokedb.org/3ee70e3797265690f83082bc1fbdfed496e296f6e84f1b40d3795bde73e47262
17,name_plate,battle-revolution,,https://cdn.pokedb.org/99fbf79918083f286d8bfd9a81e4e404be3bb0f04c82f09a479c49fc613ecf81
17,name_plate,sun-moon,,https://cdn.pokedb.org/a0d9bdce060e6169e0195b3801394dbd7da097ef9e628d4989c43620d9026dac
17,name_plate,stadium,,https://cdn.pokedb.org/6ca767adf83e2796ded69970f78f9fb69c74b87304d7b649100f77b7b001293f
17,name_plate,ruby-sapphire,,https://cdn.pokedb.org/d145d026545cf332e3f8da7ffa0f837478f47385e5a43993ce787b88791d773b
17,name_plate,xd,,https://cdn.pokedb.org/eca78ec248297b0d2d00c10856a8fb73975bbf2c82ae768f71eabf18b7ffd161
17,name_plate,firered-leafgreen,,https://cdn.pokedb.org/3b0f91b3bcbdcdbe9deea0f057de5a269269f6d95e2883d38ff646a6d98d199b
17,name_plate,colosseum,,https://cdn.pokedb.org/7817e610b298b3c2bb7082aebdde5355e61edd17da29f82f7422aa6585c1a513
17,name_plate,x-y,,https://cdn.pokedb.org/875aa6207ee211a371c0ea92a96b1753fcdef342c1bea566ee9d0a752f567476
17,name_plate,platinum,,https://cdn.pokedb.org/4411ae88a4bd2cf0fe90ca05715bc75c6aee583ee028f9d74421eb2e896e39eb
17,name_plate,black-white,,https://cdn.pokedb.org/eb3f893c8d13081713ae126c07c681f8cb469310be1f804c070e86447532d6e3
17,name_plate,diamond-pearl,,https://cdn.pokedb.org/b92d23c20d8f456ab4140ef98d0571fad38186c6586865ef0b37d552b7b7343a
18,icon,sword-shield,,https://cdn.pokedb.org/fa6bf2292fbe75992531057dffe20ec3b64c8c57db08952487e3e1ce3c1ed507
18,icon,tretta,,https://cdn.pokedb.org/e69130f327cb92d669547495e3b417aa5485e31b4f7ff93cdc55c87822bae714
18,icon,rescue-team-dx,,https://cdn.pokedb.org/195b8367d751193c3fe66c1c2517dd8937e7f19290199ed3933c9f448c089183
18,icon,brilliant-diamond-shining-pearl,,https://cdn.pokedb.org/19b2b6613a2b0f24601a40c476c87ba3e01fee4c9c66676dd09623cfc24127da
18,icon,masters-ex,,https://cdn.pokedb.org/52b1aaf46abd72b762a3dd4695627bb0c8082544b05a4f8527928bc1f01d54e8
18,icon,quest,,https://cdn.pokedb.org/d93eff131836a75ecf5c048101df40f1d85f73d466805f2a3094a2af52e709c6
18,icon,sleep,,https://cdn.pokedb.org/5f9e278bb19c88c9c5e6490c59fa66dc9b7fdc6a2c173cbcba9d6e0aba71845a
18,icon,,TCG icon 1,https://cdn.pokedb.org/adfa391cf62ef8a23b9108edb7a116621515380703d58cca125a3dbd523472f2
18,icon,go,,https://cdn.pokedb.org/0ed4929f3aa897d3a4f7ed4cd470b5a797ad58d743856ef1c032379a65bc7d42
18,icon,rumble-rush,,https://cdn.pokedb.org/eac71a7cc207aaebfa842d3fce3f917fa9e18787cb64127ae3ac9c62ff00d027
18,icon,,TCG icon 2,https://cdn.pokedb.org/206eb800877abcf2d4c67739c85f285decc18ee024e043eb96d696d2b358120a
18,icon,home,,https://cdn.pokedb.org/db2321841e9c3e5abdb77d50590f92d9a1af212ebd6da86b0ecf98ad1977a8c6
18,icon,mezastar,,https://cdn.pokedb.org/8b806b7980cb83fd5ebf31bc95ab17c07075bc8759e90a26335a39e62801988d
18,icon,,Tera Gem icon,https://cdn.pokedb.org/c3a547954bcc986b41c21b69ed135128e919d67196b43c094a7450c42eb67f82
18,name_plate,sun-moon,,https://cdn.pokedb.org/2e13041dd2f458153a7ae181431f92f275e9188fd16e0b29bdba730a2111203a
18,name_plate,x-y,,https://cdn.pokedb.org/1460d142326bc69eda84d29be296c2117d298ef75e01cc33ba18ce5c002bc0ff
18,name_plate,platinum,,https://cdn.pokedb.org/04e4e984604798d1b34621cbf6358b5c6f6bcef96ed51838a4be313c72ad0f61
10001,name_plate,stadium-2,,https://cdn.pokedb.org/b06d66e4948a1c7304144a77fde62213317b97b620c354c62051ec2026e3ccc6
10001,name_plate,diamond-pearl,,https://cdn.pokedb.org/b7ab396f870833726a0e61963e07caeaf8c82e11a5722ff66f25f73a0884e2f7
10001,name_plate,xd,,https://cdn.pokedb.org/9c3fa863a35768639992c90a69f90351d67a2951eff252437dee48ea10b7bcae
10001,name_plate,ruby-sapphire,,https://cdn.pokedb.org/3fe5bff4cc7daf1309d7d6b0e06906711ae6b095a0414e59be9c9a7c520cc737
10001,name_plate,colosseum,,https://cdn.pokedb.org/7efc875cb484a39500c911954415fbe1f3c118f3f964220b2101a25eb97ccffb
10001,name_plate,battle-revolution,,https://cdn.pokedb.org/8894ea9a6f734779501beb35c23893d1a4af825a4e992e110ebb899dc98bfa32
10001,name_plate,firered-leafgreen,,https://cdn.pokedb.org/b2b9dc05e53ba2e0d453f6e27e2512dec978b5eacb71276d7f992ce2408f1573
10003,icon,scarlet-violet,,https://cdn.pokedb.org/53dc440ef457d48bf013f9a9b55e8b42886752a34743d3df6d10d100e8301ed0
10003,name_plate,scarlet-violet,,https://cdn.pokedb.org/7d4e073d172afae31adbdc039f8eb7f698bd8a0a48c8285eea8e87ccfec6cb1a